Exercise,Muscle,Equipment,Difficulty,Male,Female
Barbell Curl,"Biceps, Long Head Bicep",Barbell,Intermediate,,
Barbell Bent Over Row,"Biceps, Forearms",Barbell,Intermediate,https://musclewiki.com/barbell/male/biceps/barbell-bent-over-row,https://musclewiki.com/barbell/female/biceps/barbell-bent-over-row
Barbell Reverse Curl,"Biceps, Forearms, Wrist Extensors, Wrist Flexors","Barbell, Advanced",Advanced,"https://musclewiki.com/barbell/male/biceps/barbell-reverse-curl, Male|Female","https://musclewiki.com/barbell/female/biceps/barbell-reverse-curl, Barbell"
Barbell Landmine Row,"Biceps, Traps (mid-back), Forearms, Lats",Barbell,Intermediate,https://musclewiki.com/barbell/male/biceps/barbell-landmine-row,https://musclewiki.com/barbell/female/biceps/barbell-landmine-row
Barbell Long Landmine Row,"Biceps, Forearms, Lats",Barbell,Advanced,https://musclewiki.com/barbell/male/biceps/barbell-long-landmine-row,https://musclewiki.com/barbell/female/biceps/barbell-long-landmine-row
Barbell Meadows Row,"Biceps, Forearms, Lats",Barbell,Intermediate,https://musclewiki.com/barbell/male/biceps/barbell-meadows-row,https://musclewiki.com/barbell/female/biceps/barbell-meadows-row
Barbell Pronated Pendlay Row,"Biceps, Lower back, Lats",Barbell,Advanced,https://musclewiki.com/barbell/male/biceps/barbell-pronated-pendlay-row,https://musclewiki.com/barbell/female/biceps/barbell-pronated-pendlay-row
Barbell Pronated Row,"Biceps, Forearms, Lats",Barbell,Intermediate,https://musclewiki.com/barbell/male/biceps/barbell-pronated-row,https://musclewiki.com/barbell/female/biceps/barbell-pronated-row
Barbell Supinated Pendlay Row,"Biceps, Lower back, Lats",Barbell,Advanced,https://musclewiki.com/barbell/male/biceps/barbell-supinated-pendlay-row,https://musclewiki.com/barbell/female/biceps/barbell-supinated-pendlay-row
Barbell Supinated Row,"Biceps, Lower back, Lats",Barbell,Advanced,https://musclewiki.com/barbell/male/biceps/barbell-supinated-row,https://musclewiki.com/barbell/female/biceps/barbell-supinated-row
Landmine Bicep Curl,Biceps,Barbell,Intermediate,https://musclewiki.com/barbell/male/biceps/landmine-bicep-curl,https://musclewiki.com/barbell/female/biceps/landmine-bicep-curl
Landmine Concentration Curl,Biceps,Barbell,Intermediate,https://musclewiki.com/barbell/male/biceps/landmine-concentration-curl,https://musclewiki.com/barbell/female/biceps/landmine-concentration-curl
Landmine T Bar Rows,"Biceps, Lower back, Lats",Barbell,Beginner,https://musclewiki.com/barbell/male/biceps/landmine-t-bar-rows,https://musclewiki.com/barbell/female/biceps/landmine-t-bar-rows
Barbell Drag Curl,"Biceps, Long Head Bicep, Short Head Bicep",Barbell,Intermediate,https://musclewiki.com/barbell/male/biceps/barbell-drag-curl,https://musclewiki.com/barbell/female/biceps/barbell-drag-curl
EZ Bar Reverse Preacher Curl,"Biceps, Forearms",Barbell,Novice,https://musclewiki.com/barbell/male/biceps/ez-bar-reverse-preacher-curl,https://musclewiki.com/barbell/female/biceps/ez-bar-reverse-preacher-curl
EZ Bar Preacher Curl,Biceps,Barbell,Novice,https://musclewiki.com/barbell/male/biceps/ez-bar-preacher-curl,https://musclewiki.com/barbell/female/biceps/ez-bar-preacher-curl
Dumbbell Curl,Biceps,Dumbbells,Novice,https://musclewiki.com/dumbbells/male/biceps/dumbbell-curl,https://musclewiki.com/dumbbells/female/biceps/dumbbell-curl
Dumbbell Hammer Curl,"Biceps, Short Head Bicep",Dumbbells,Novice,https://musclewiki.com/dumbbells/male/biceps/dumbbell-hammer-curl,https://musclewiki.com/dumbbells/female/biceps/dumbbell-hammer-curl
Dumbbell Reverse Curl,"Biceps, Forearms, Wrist Extensors, Wrist Flexors",Dumbbells,Novice,https://musclewiki.com/dumbbells/male/biceps/dumbbell-reverse-curl,https://musclewiki.com/dumbbells/female/biceps/dumbbell-reverse-curl
Dumbbell Rear Delt Row,"Biceps, Traps (mid-back), Shoulders, Posterior Deltoid, Rear Shoulders",Dumbbells,Intermediate,https://musclewiki.com/dumbbells/male/biceps/dumbbell-rear-delt-row,https://musclewiki.com/dumbbells/female/biceps/dumbbell-rear-delt-row
Dumbbell Incline Hammer Curl,"Biceps, Long Head Bicep",Dumbbells,Novice,https://musclewiki.com/dumbbells/male/biceps/dumbbell-incline-hammer-curl,https://musclewiki.com/dumbbells/female/biceps/dumbbell-incline-hammer-curl
Dumbbell Incline Reverse Curl,"Biceps, Long Head Bicep, Forearms, Wrist Flexors",Dumbbells,Novice,https://musclewiki.com/dumbbells/male/biceps/dumbbell-incline-reverse-curl,https://musclewiki.com/dumbbells/female/biceps/dumbbell-incline-reverse-curl
Dumbbell Incline Zottman Curl,"Biceps, Long Head Bicep, Forearms, Wrist Flexors",Dumbbells,Intermediate,https://musclewiki.com/dumbbells/male/biceps/dumbbell-incline-zottman-curl,https://musclewiki.com/dumbbells/female/biceps/dumbbell-incline-zottman-curl
Dumbbell Alternating Pendlay Row,"Biceps, Lower back, Lats",Dumbbells,Advanced,https://musclewiki.com/dumbbells/male/biceps/dumbbell-alternating-pendlay-row,https://musclewiki.com/dumbbells/female/biceps/dumbbell-alternating-pendlay-row
Dumbbell Kneeling Single Arm Row,"Biceps, Lats",Dumbbells,Novice,https://musclewiki.com/dumbbells/male/biceps/dumbbell-kneeling-single-arm-row,https://musclewiki.com/dumbbells/female/biceps/dumbbell-kneeling-single-arm-row
Dumbbell Laying Incline Row,"Biceps, Lats",Dumbbells,Novice,https://musclewiki.com/dumbbells/male/biceps/dumbbell-laying-incline-row,https://musclewiki.com/dumbbells/female/biceps/dumbbell-laying-incline-row
Dumbbell Pendlay Row,"Biceps, Lats",Dumbbells,Intermediate,https://musclewiki.com/dumbbells/male/biceps/dumbbell-pendlay-row,https://musclewiki.com/dumbbells/female/biceps/dumbbell-pendlay-row
Dumbbell Single Arm Preacher Curl,Biceps,Dumbbells,Novice,https://musclewiki.com/dumbbells/male/biceps/dumbbell-single-arm-preacher-curl,https://musclewiki.com/dumbbells/female/biceps/dumbbell-single-arm-preacher-curl
Dumbbell Single Arm Row,"Biceps, Lats",Dumbbells,Novice,https://musclewiki.com/dumbbells/male/biceps/dumbbell-single-arm-row,https://musclewiki.com/dumbbells/female/biceps/dumbbell-single-arm-row
Dumbbell Single Arm Row Knee,"Biceps, Lats",Dumbbells,Novice,https://musclewiki.com/dumbbells/male/biceps/dumbbell-single-arm-row-knee,https://musclewiki.com/dumbbells/female/biceps/dumbbell-single-arm-row-knee
Dumbbell Single Arm Spider Curl,Biceps,Dumbbells,Beginner,https://musclewiki.com/dumbbells/male/biceps/dumbbell-single-arm-spider-curl,https://musclewiki.com/dumbbells/female/biceps/dumbbell-single-arm-spider-curl
Dumbbell Spider Curl,Biceps,Dumbbells,Beginner,https://musclewiki.com/dumbbells/male/biceps/dumbbell-spider-curl,https://musclewiki.com/dumbbells/female/biceps/dumbbell-spider-curl
Dumbbell Twisting Curl,Biceps,Dumbbells,Novice,https://musclewiki.com/dumbbells/male/biceps/dumbbell-twisting-curl,https://musclewiki.com/dumbbells/female/biceps/dumbbell-twisting-curl
Lawnmower Row,"Biceps, Lats",Dumbbells,Intermediate,https://musclewiki.com/dumbbells/male/biceps/lawnmower-row,https://musclewiki.com/dumbbells/female/biceps/lawnmower-row
Dumbbell Concentration Curl,Biceps,Dumbbells,Beginner,https://musclewiki.com/dumbbells/male/biceps/dumbbell-concentration-curl,https://musclewiki.com/dumbbells/female/biceps/dumbbell-concentration-curl
Dumbbell Knee Lawnmower Row,"Biceps, Lats",Dumbbells,Beginner,https://musclewiki.com/dumbbells/male/biceps/dumbbell-knee-lawnmower-row,https://musclewiki.com/dumbbells/female/biceps/dumbbell-knee-lawnmower-row
Dumbbell Supinated Row,"Biceps, Lats",Dumbbells,Beginner,https://musclewiki.com/dumbbells/male/biceps/dumbbell-supinated-row,https://musclewiki.com/dumbbells/female/biceps/dumbbell-supinated-row
Dumbbell Preacher Curl,Biceps,Dumbbells,Novice,https://musclewiki.com/dumbbells/male/biceps/dumbbell-preacher-curl,https://musclewiki.com/dumbbells/female/biceps/dumbbell-preacher-curl
Dumbbell Incline Curl,Biceps,Dumbbells,Novice,https://musclewiki.com/dumbbells/male/biceps/dumbbell-incline-curl,https://musclewiki.com/dumbbells/female/biceps/dumbbell-incline-curl
Dumbbell Weighted Chin Ups,"Biceps, Forearms, Lats",Dumbbells,Advanced,https://musclewiki.com/dumbbells/male/biceps/dumbbell-weighted-chin-ups,https://musclewiki.com/dumbbells/female/biceps/dumbbell-weighted-chin-ups
Chin Ups,"Biceps, Forearms, Lats",Bodyweight,Intermediate,https://musclewiki.com/bodyweight/male/biceps/chin-ups,https://musclewiki.com/bodyweight/female/biceps/chin-ups
Ring Row,"Biceps, Lats",Bodyweight,Novice,https://musclewiki.com/bodyweight/male/biceps/ring-row,https://musclewiki.com/bodyweight/female/biceps/ring-row
Ring Curl,Biceps,Bodyweight,Beginner,https://musclewiki.com/bodyweight/male/biceps/ring-curl,https://musclewiki.com/bodyweight/female/biceps/ring-curl
Bodyweight Assisted Pull Up,"Biceps, Lats",Bodyweight,Novice,https://musclewiki.com/bodyweight/male/biceps/bodyweight-assisted-pull-up,https://musclewiki.com/bodyweight/female/biceps/bodyweight-assisted-pull-up
Bodyweight Assisted Chin Up,"Biceps, Lats",Bodyweight,Novice,https://musclewiki.com/bodyweight/male/biceps/bodyweight-assisted-chin-up,https://musclewiki.com/bodyweight/female/biceps/bodyweight-assisted-chin-up
Bodyweight Assisted Gironda Chin Up,"Biceps, Lats",Bodyweight,Novice,https://musclewiki.com/bodyweight/male/biceps/bodyweight-assisted-gironda-chin-up,https://musclewiki.com/bodyweight/female/biceps/bodyweight-assisted-gironda-chin-up
Bodyweight Assisted Mixed Grip Pullup,"Biceps, Lats",Bodyweight,Novice,https://musclewiki.com/bodyweight/male/biceps/bodyweight-assisted-mixed-grip-pullup,https://musclewiki.com/bodyweight/female/biceps/bodyweight-assisted-mixed-grip-pullup
Bodyweight Underhand Inverted Row,"Biceps, Forearms, Lats",Bodyweight,Beginner,https://musclewiki.com/bodyweight/male/biceps/bodyweight-underhand-inverted-row,https://musclewiki.com/bodyweight/female/biceps/bodyweight-underhand-inverted-row
Bodyweight Concentration Curl,Biceps,Bodyweight,Novice,https://musclewiki.com/bodyweight/male/biceps/bodyweight-concentration-curl,https://musclewiki.com/bodyweight/female/biceps/bodyweight-concentration-curl
Bodyweight Inverted Curl,Biceps,Bodyweight,Novice,https://musclewiki.com/bodyweight/male/biceps/bodyweight-inverted-curl,https://musclewiki.com/bodyweight/female/biceps/bodyweight-inverted-curl
Bodyweight Close Grip Inverted Curl,Biceps,Bodyweight,Novice,https://musclewiki.com/bodyweight/male/biceps/bodyweight-close-grip-inverted-curl,https://musclewiki.com/bodyweight/female/biceps/bodyweight-close-grip-inverted-curl
L Sit Chin Up,"Biceps, Forearms, Lats",Bodyweight,Intermediate,https://musclewiki.com/bodyweight/male/biceps/l-sit-chin-up,https://musclewiki.com/bodyweight/female/biceps/l-sit-chin-up
Machine Seated Cable Row,"Biceps, Traps (mid-back), Lats",Machine,Novice,https://musclewiki.com/machine/male/biceps/machine-seated-cable-row,https://musclewiki.com/machine/female/biceps/machine-seated-cable-row
Narrow Pulldown,"Biceps, Traps (mid-back), Lats, Lower Traps",Machine,Novice,https://musclewiki.com/machine/male/biceps/narrow-pulldown,https://musclewiki.com/machine/female/biceps/narrow-pulldown
Neutral Pulldown,"Biceps, Traps (mid-back), Lats, Lower Traps",Machine,Novice,https://musclewiki.com/machine/male/biceps/neutral-pulldown,https://musclewiki.com/machine/female/biceps/neutral-pulldown
Underhand Pulldown,"Biceps, Lats, Lower Traps",Machine,Novice,https://musclewiki.com/machine/male/biceps/underhand-pulldown,https://musclewiki.com/machine/female/biceps/underhand-pulldown
Machine Assisted Pull Up,"Biceps, Lats",Machine,Novice,https://musclewiki.com/machine/male/biceps/machine-assisted-pull-up,https://musclewiki.com/machine/female/biceps/machine-assisted-pull-up
Machine Assisted Narrow Pull Up,"Biceps, Lats",Machine,Novice,https://musclewiki.com/machine/male/biceps/machine-assisted-narrow-pull-up,https://musclewiki.com/machine/female/biceps/machine-assisted-narrow-pull-up
Machine Assisted Neutral Chin Up,"Biceps, Lats",Machine,Novice,https://musclewiki.com/machine/male/biceps/machine-assisted-neutral-chin-up,https://musclewiki.com/machine/female/biceps/machine-assisted-neutral-chin-up
Machine Assisted Chin Up,"Biceps, Lats",Machine,Novice,https://musclewiki.com/machine/male/biceps/machine-assisted-chin-up,https://musclewiki.com/machine/female/biceps/machine-assisted-chin-up
Machine Underhand Row,"Biceps, Lats",Machine,Novice,https://musclewiki.com/machine/male/biceps/machine-underhand-row,https://musclewiki.com/machine/female/biceps/machine-underhand-row
Kettlebell Goblet Curl,Biceps,Kettlebells,Novice,https://musclewiki.com/kettlebells/male/biceps/kettlebell-goblet-curl,https://musclewiki.com/kettlebells/female/biceps/kettlebell-goblet-curl
Kettlebell Concentration Curl,Biceps,Kettlebells,Intermediate,https://musclewiki.com/kettlebells/male/biceps/kettlebell-concentration-curl,https://musclewiki.com/kettlebells/female/biceps/kettlebell-concentration-curl
Kettlebell Preacher Curl,Biceps,Kettlebells,Intermediate,https://musclewiki.com/kettlebells/male/biceps/kettlebell-preacher-curl,https://musclewiki.com/kettlebells/female/biceps/kettlebell-preacher-curl
Kettlebell Row (Single),"Biceps, Traps (mid-back), Forearms, Lats",Kettlebells,Beginner,https://musclewiki.com/kettlebells/male/biceps/kettlebell-row-single,https://musclewiki.com/kettlebells/female/biceps/kettlebell-row-single
Kettlebell Rear Delt Row,"Biceps, Shoulders, Posterior Deltoid, Rear Shoulders",Kettlebells,Novice,https://musclewiki.com/kettlebells/male/biceps/kettlebell-rear-delt-row,https://musclewiki.com/kettlebells/female/biceps/kettlebell-rear-delt-row
Kettlebell Single Arm Curl,Biceps,Kettlebells,Beginner,https://musclewiki.com/kettlebells/male/biceps/kettlebell-single-arm-curl,https://musclewiki.com/kettlebells/female/biceps/kettlebell-single-arm-curl
Kettlebell Single Arm Row,"Biceps, Forearms, Lats",Kettlebells,Novice,https://musclewiki.com/kettlebells/male/biceps/kettlebell-single-arm-row,https://musclewiki.com/kettlebells/female/biceps/kettlebell-single-arm-row
Kettlebell Alternating Row,"Biceps, Forearms, Lats",Kettlebells,Beginner,https://musclewiki.com/kettlebells/male/biceps/kettlebell-alternating-row,https://musclewiki.com/kettlebells/female/biceps/kettlebell-alternating-row
Kettlebell Curl,Biceps,Kettlebells,Novice,https://musclewiki.com/kettlebells/male/biceps/kettlebell-curl,https://musclewiki.com/kettlebells/female/biceps/kettlebell-curl
Kettlebell Gorilla Row,"Biceps, Lats, Obliques",Kettlebells,Intermediate,https://musclewiki.com/kettlebells/male/biceps/kettlebell-gorilla-row,https://musclewiki.com/kettlebells/female/biceps/kettlebell-gorilla-row
Kettlebell Rear Delt Row (Double),"Biceps, Traps (mid-back), Shoulders, Posterior Deltoid, Rear Shoulders",Kettlebells,Beginner,https://musclewiki.com/kettlebells/male/biceps/kettlebell-rear-delt-row-double,https://musclewiki.com/kettlebells/female/biceps/kettlebell-rear-delt-row-double
Kettlebell Reverse Curl,"Biceps, Forearms",Kettlebells,Beginner,https://musclewiki.com/kettlebells/male/biceps/kettlebell-reverse-curl,https://musclewiki.com/kettlebells/female/biceps/kettlebell-reverse-curl
Kettlebell Row,"Biceps, Forearms, Lats",Kettlebells,Beginner,https://musclewiki.com/kettlebells/male/biceps/kettlebell-row,https://musclewiki.com/kettlebells/female/biceps/kettlebell-row
Kettlebell Single Arm Reverse Curl,"Biceps, Forearms",Kettlebells,Beginner,https://musclewiki.com/kettlebells/male/biceps/kettlebell-single-arm-reverse-curl,https://musclewiki.com/kettlebells/female/biceps/kettlebell-single-arm-reverse-curl
Kettlebell Single Arm Row On Bench,"Biceps, Forearms, Lats",Kettlebells,Novice,https://musclewiki.com/kettlebells/male/biceps/kettlebell-single-arm-row-on-bench,https://musclewiki.com/kettlebells/female/biceps/kettlebell-single-arm-row-on-bench
Biceps Stretch Variation Five,Biceps,Stretches,Novice,https://musclewiki.com/stretches/male/biceps/biceps-stretch-variation-five,https://musclewiki.com/stretches/female/biceps/biceps-stretch-variation-five
Biceps Stretch Variation Four,Biceps,Stretches,Novice,https://musclewiki.com/stretches/male/biceps/biceps-stretch-variation-four,https://musclewiki.com/stretches/female/biceps/biceps-stretch-variation-four
Biceps Stretch Variation Three,Biceps,Stretches,Novice,https://musclewiki.com/stretches/male/biceps/biceps-stretch-variation-three,https://musclewiki.com/stretches/female/biceps/biceps-stretch-variation-three
Biceps Stretch Variation Two,Biceps,Stretches,Novice,https://musclewiki.com/stretches/male/biceps/biceps-stretch-variation-two,https://musclewiki.com/stretches/female/biceps/biceps-stretch-variation-two
Biceps Stretch Variation One,Biceps,Stretches,Novice,https://musclewiki.com/stretches/male/biceps/biceps-stretch-variation-one,https://musclewiki.com/stretches/female/biceps/biceps-stretch-variation-one
Cable Pull In,"Biceps, Lats",Cables,Novice,https://musclewiki.com/cables/male/biceps/cable-pull-in,https://musclewiki.com/cables/female/biceps/cable-pull-in
Cable Twisting Curl,Biceps,Cables,Advanced,https://musclewiki.com/cables/male/biceps/cable-twisting-curl,https://musclewiki.com/cables/female/biceps/cable-twisting-curl
Cable Single Arm Bayesian Curl,"Biceps, Long Head Bicep, Short Head Bicep",Cables,Beginner,https://musclewiki.com/cables/male/biceps/cable-single-arm-bayesian-curl,https://musclewiki.com/cables/female/biceps/cable-single-arm-bayesian-curl
Cable Single Arm Reverse Curl,"Biceps, Forearms, Wrist Extensors, Wrist Flexors",Cables,Beginner,https://musclewiki.com/cables/male/biceps/cable-single-arm-reverse-curl,https://musclewiki.com/cables/female/biceps/cable-single-arm-reverse-curl
Cable Single Arm Hammer Curl,Biceps,Cables,Beginner,https://musclewiki.com/cables/male/biceps/cable-single-arm-hammer-curl,https://musclewiki.com/cables/female/biceps/cable-single-arm-hammer-curl
Cable Row Bar Standing Row,"Biceps, Traps (mid-back), Lats",Cables,Novice,https://musclewiki.com/cables/male/biceps/cable-row-bar-standing-row,https://musclewiki.com/cables/female/biceps/cable-row-bar-standing-row
Cable Single Arm Underhand Grip Row,"Biceps, Traps (mid-back), Lats",Cables,Novice,https://musclewiki.com/cables/male/biceps/cable-single-arm-underhand-grip-row,https://musclewiki.com/cables/female/biceps/cable-single-arm-underhand-grip-row
Cable Single Arm Neutral Grip Row,"Biceps, Traps (mid-back), Lats",Cables,Novice,https://musclewiki.com/cables/male/biceps/cable-single-arm-neutral-grip-row,https://musclewiki.com/cables/female/biceps/cable-single-arm-neutral-grip-row
Cable Supinating Row,"Biceps, Lats, Posterior Deltoid, Rear Shoulders",Cables,Beginner,https://musclewiki.com/cables/male/biceps/cable-supinating-row,https://musclewiki.com/cables/female/biceps/cable-supinating-row
Cable Archer Row,"Biceps, Lats, Posterior Deltoid, Rear Shoulders",Cables,Intermediate,https://musclewiki.com/cables/male/biceps/cable-archer-row,https://musclewiki.com/cables/female/biceps/cable-archer-row
Cable Seated Bayesian Reverse Curl,"Biceps, Forearms, Wrist Extensors, Wrist Flexors",Cables,Intermediate,https://musclewiki.com/cables/male/biceps/cable-seated-bayesian-reverse-curl,https://musclewiki.com/cables/female/biceps/cable-seated-bayesian-reverse-curl
Cable Seated Bayesian Hammer Curl,Biceps,Cables,Beginner,https://musclewiki.com/cables/male/biceps/cable-seated-bayesian-hammer-curl,https://musclewiki.com/cables/female/biceps/cable-seated-bayesian-hammer-curl
Cable Seated Bayesian Curl,"Biceps, Long Head Bicep, Short Head Bicep",Cables,Beginner,https://musclewiki.com/cables/male/biceps/cable-seated-bayesian-curl,https://musclewiki.com/cables/female/biceps/cable-seated-bayesian-curl
Cable Bar Curl,"Biceps, Long Head Bicep, Short Head Bicep",Cables,Novice,https://musclewiki.com/cables/male/biceps/cable-bar-curl,https://musclewiki.com/cables/female/biceps/cable-bar-curl
Cable Rope Hammer Curl,"Biceps, Long Head Bicep, Short Head Bicep",Cables,Novice,https://musclewiki.com/cables/male/biceps/cable-rope-hammer-curl,https://musclewiki.com/cables/female/biceps/cable-rope-hammer-curl
Cable Hammer Bayesian Curl,"Biceps, Long Head Bicep",Cables,Novice,https://musclewiki.com/cables/male/biceps/cable-hammer-bayesian-curl,https://musclewiki.com/cables/female/biceps/cable-hammer-bayesian-curl
Cable Reverse Bayesian Curl,"Biceps, Forearms, Wrist Extensors, Wrist Flexors",Cables,Beginner,https://musclewiki.com/cables/male/biceps/cable-reverse-bayesian-curl,https://musclewiki.com/cables/female/biceps/cable-reverse-bayesian-curl
Cable Bayesian Curl,"Biceps, Long Head Bicep, Short Head Bicep",Cables,Beginner,https://musclewiki.com/cables/male/biceps/cable-bilateral-bayesian-curl,https://musclewiki.com/cables/female/biceps/cable-bilateral-bayesian-curl
Band Bayesian Curl,Biceps,Band,Beginner,https://musclewiki.com/band/male/biceps/band-bayesian-curl,https://musclewiki.com/band/female/biceps/band-bayesian-curl
Band Bayesian Hammer Curl,"Biceps, Forearms",Band,Intermediate,https://musclewiki.com/band/male/biceps/band-bayesian-hammer-curl,https://musclewiki.com/band/female/biceps/band-bayesian-hammer-curl
Band Kneeling Single Arm Pulldown,"Biceps, Lats",Band,Novice,https://musclewiki.com/band/male/biceps/band-kneeling-single-arm-pulldown,https://musclewiki.com/band/female/biceps/band-kneeling-single-arm-pulldown
Band Bayesian Reverse Curl,"Biceps, Forearms",Band,Beginner,https://musclewiki.com/band/male/biceps/band-bayesian-reverse-curl,https://musclewiki.com/band/female/biceps/band-bayesian-reverse-curl
Band Row,"Biceps, Lats",Band,Novice,https://musclewiki.com/band/male/biceps/band-row,https://musclewiki.com/band/female/biceps/band-row
Band High Curl,Biceps,Band,Novice,https://musclewiki.com/band/male/biceps/band-high-curl,https://musclewiki.com/band/female/biceps/band-high-curl
Band High Hammer Curl,Biceps,Band,Novice,https://musclewiki.com/band/male/biceps/band-high-hammer-curl,https://musclewiki.com/band/female/biceps/band-high-hammer-curl
Band High Reverse Curl,"Biceps, Forearms",Band,Novice,https://musclewiki.com/band/male/biceps/band-high-reverse-curl,https://musclewiki.com/band/female/biceps/band-high-reverse-curl
Band Curl,Biceps,Band,Novice,https://musclewiki.com/band/male/biceps/band-curl,https://musclewiki.com/band/female/biceps/band-curl
Band Reverse Curl,"Biceps, Forearms",Band,Novice,https://musclewiki.com/band/male/biceps/band-reverse-curl,https://musclewiki.com/band/female/biceps/band-reverse-curl
Plate Bicep Curl,Biceps,Plate,Novice,https://musclewiki.com/plate/male/biceps/plate-bicep-curl,https://musclewiki.com/plate/female/biceps/plate-bicep-curl
Plate Curl To Overhead Press,"Biceps, Shoulders, Lateral Deltoid, Anterior Deltoid, Front Shoulders",Plate,Intermediate,https://musclewiki.com/plate/male/biceps/plate-curl-to-overhead-press,https://musclewiki.com/plate/female/biceps/plate-curl-to-overhead-press
Plate Curl To Overhead Press To Tricep Extension,"Biceps, Shoulders, Lateral Deltoid, Anterior Deltoid, Triceps, Front Shoulders",Plate,Advanced,https://musclewiki.com/plate/male/biceps/plate-curl-to-overhead-press-to-tricep-extension,https://musclewiki.com/plate/female/biceps/plate-curl-to-overhead-press-to-tricep-extension
Plate Squat Hold Curl,"Biceps, Glutes, Quads",Plate,Intermediate,https://musclewiki.com/plate/male/biceps/plate-squat-hold-curl,https://musclewiki.com/plate/female/biceps/plate-squat-hold-curl
Plate Pinch Grip Row,"Biceps, Forearms, Lats",Plate,Intermediate,https://musclewiki.com/plate/male/biceps/plate-pinch-grip-row,https://musclewiki.com/plate/female/biceps/plate-pinch-grip-row
Weighted Chin Ups,"Biceps, Forearms, Lats",Plate,Advanced,https://musclewiki.com/plate/male/biceps/weighted-chin-ups,https://musclewiki.com/plate/female/biceps/weighted-chin-ups
TRX Curl,Biceps,TRX,Beginner,https://musclewiki.com/trx/male/biceps/trx-curl,https://musclewiki.com/trx/female/biceps/trx-curl
TRX Hammer Curl,Biceps,TRX,Beginner,https://musclewiki.com/trx/male/biceps/trx-hammer-curl,https://musclewiki.com/trx/female/biceps/trx-hammer-curl
TRX Reverse Curl,"Biceps, Forearms",TRX,Intermediate,https://musclewiki.com/trx/male/biceps/trx-reverse-curl,https://musclewiki.com/trx/female/biceps/trx-reverse-curl
TRX Rotating Row,"Biceps, Lats",TRX,Beginner,https://musclewiki.com/trx/male/biceps/trx-rotating-row,https://musclewiki.com/trx/female/biceps/trx-rotating-row
TRX Single Arm row,"Biceps, Lats",TRX,Beginner,https://musclewiki.com/trx/male/biceps/trx-single-arm-row,https://musclewiki.com/trx/female/biceps/trx-single-arm-row
Corpse Pose,Biceps,Yoga,Beginner,https://musclewiki.com/yoga/male/biceps/corpe-pose,https://musclewiki.com/yoga/female/biceps/corpe-pose
Crow Pose,Biceps,Yoga,Advanced,https://musclewiki.com/yoga/male/biceps/crow-pose,https://musclewiki.com/yoga/female/biceps/crow-pose
Downward Dog,Biceps,Yoga,Beginner,https://musclewiki.com/yoga/male/biceps/downward-dog,https://musclewiki.com/yoga/female/biceps/downward-dog
Downward Dog With Fingers Facing Feet,Biceps,Yoga,Beginner,https://musclewiki.com/yoga/male/biceps/downward-dog-with-fingers-facing-feet,https://musclewiki.com/yoga/female/biceps/downward-dog-with-fingers-facing-feet
Scorpion Twist Pose,Biceps,Yoga,Beginner,https://musclewiki.com/yoga/male/biceps/scorpion-twist-pose,https://musclewiki.com/yoga/female/biceps/scorpion-twist-pose
Seated Arm Stretch,Biceps,Yoga,Beginner,https://musclewiki.com/yoga/male/biceps/seated-arm-stretch,https://musclewiki.com/yoga/female/biceps/seated-arm-stretch
Bosu Ball Curl,Biceps,Bosu-Ball,Beginner,https://musclewiki.com/bosu-ball/male/biceps/curl,https://musclewiki.com/bosu-ball/female/biceps/curl
Bosu Ball Row,"Biceps, Lats",Bosu-Ball,Beginner,https://musclewiki.com/bosu-ball/male/biceps/row,https://musclewiki.com/bosu-ball/female/biceps/row
Vitruvian Hammer Curl,"Biceps, Forearms",Vitruvian,Beginner,https://musclewiki.com/vitruvian/male/biceps/hammer-curl,https://musclewiki.com/vitruvian/female/biceps/hammer-curl
Vitruvian Row,"Biceps, Traps (mid-back), Forearms, Lats",Vitruvian,Beginner,https://musclewiki.com/vitruvian/male/biceps/row,https://musclewiki.com/vitruvian/female/biceps/row
Vitruvian Single Arm Row,"Biceps, Traps (mid-back), Lats",Vitruvian,Beginner,https://musclewiki.com/vitruvian/male/biceps/single-arm-row,https://musclewiki.com/vitruvian/female/biceps/single-arm-row
Cardio Band Hammer Curl Jacks,"Biceps, Gluteus Medius",Cardio,Beginner,https://musclewiki.com/cardio/male/biceps/cardio-band-hammer-curl-jacks,https://musclewiki.com/cardio/female/biceps/cardio-band-hammer-curl-jacks
Cardio Row Erg Rower Arms Only,"Biceps, Lats",Cardio,Beginner,https://musclewiki.com/cardio/male/biceps/cardio-row-erg-rower-arms-only,https://musclewiki.com/cardio/female/biceps/cardio-row-erg-rower-arms-only
Cardio Row Erg Rower Four Stroke Sprint Start,"Biceps, Glutes, Lats, Quads",Cardio,Beginner,https://musclewiki.com/cardio/male/biceps/cardio-row-erg-rower-four-stroke-sprint-start,https://musclewiki.com/cardio/female/biceps/cardio-row-erg-rower-four-stroke-sprint-start
Cardio Row Erg Rower,"Biceps, Glutes, Lats, Quads",Cardio,Beginner,https://musclewiki.com/cardio/male/biceps/cardio-row-erg-rower,https://musclewiki.com/cardio/female/biceps/cardio-row-erg-rower
Smith Machine Drag Curl,"Biceps, Long Head Bicep, Short Head Bicep",Smith-Machine,Beginner,https://musclewiki.com/smith-machine/male/biceps/smith-machine-drag-curl,https://musclewiki.com/smith-machine/female/biceps/smith-machine-drag-curl
Smith Machine Underhand Row,"Biceps, Lower back, Lats",Smith-Machine,Novice,https://musclewiki.com/smith-machine/male/biceps/smith-machine-underhand-row,https://musclewiki.com/smith-machine/female/biceps/smith-machine-underhand-row
Smith Machine Overhand Row,"Biceps, Lower back, Lats",Smith-Machine,Beginner,https://musclewiki.com/smith-machine/male/biceps/smith-machine-overhand-row,https://musclewiki.com/smith-machine/female/biceps/smith-machine-overhand-row
Seated Ulnar Nerve Tensioner,Biceps,Recovery,Novice,https://musclewiki.com/recovery/male/shoulders/seated-ulnar-nerve-tensioner,https://musclewiki.com/recovery/female/shoulders/seated-ulnar-nerve-tensioner
Seated Ulnar Nerve Slider,Biceps,Recovery,Novice,https://musclewiki.com/recovery/male/shoulders/seated-ulnar-nerve-slider,https://musclewiki.com/recovery/female/shoulders/seated-ulnar-nerve-slider
Dumbbell Service Exercise,"Biceps, Front Shoulders",Recovery,Beginner,https://musclewiki.com/recovery/male/shoulders/dumbbell-service-exercise,https://musclewiki.com/recovery/female/shoulders/dumbbell-service-exercise
Core Stability 2 Opposite Shoulder Tap 4Pt Position,"Biceps, Abdominals, Shoulders, Anterior Deltoid, Triceps, Obliques, Front Shoulders",Recovery,Beginner,https://musclewiki.com/recovery/male/biceps/core-stability-2-opposite-shoulder-tap-4pt-position,https://musclewiki.com/recovery/female/biceps/core-stability-2-opposite-shoulder-tap-4pt-position
Long Head Bicep,,,,,
Short Head Bicep,,,,,
Traps (mid-back),,,,,
Barbell Deadlift,"Traps (mid-back), Lower back, Glutes",Barbell,Intermediate,https://musclewiki.com/barbell/male/traps-middle/barbell-deadlift,https://musclewiki.com/barbell/female/traps-middle/barbell-deadlift
Dumbbell Row Bilateral,"Traps (mid-back), Lower back, Lats",Dumbbells,Beginner,https://musclewiki.com/dumbbells/male/traps-middle/dumbbell-row-bilateral,https://musclewiki.com/dumbbells/female/traps-middle/dumbbell-row-bilateral
Dumbbell Row Unilateral,"Traps (mid-back), Forearms, Lats",Dumbbells,Novice,https://musclewiki.com/dumbbells/male/traps-middle/dumbbell-row-unilateral,https://musclewiki.com/dumbbells/female/traps-middle/dumbbell-row-unilateral
Dumbbell Laying Silverback Shrug,"Traps (mid-back), Traps",Dumbbells,Intermediate,https://musclewiki.com/dumbbells/male/traps-middle/dumbbell-laying-silverback-shrug,https://musclewiki.com/dumbbells/female/traps-middle/dumbbell-laying-silverback-shrug
Dumbbell Silverback Shrug,"Traps (mid-back), Traps",Dumbbells,Beginner,https://musclewiki.com/dumbbells/male/traps-middle/dumbbell-silverback-shrug,https://musclewiki.com/dumbbells/female/traps-middle/dumbbell-silverback-shrug
Dumbbell Seated Rear Delt Row,"Traps (mid-back), Shoulders, Posterior Deltoid, Rear Shoulders",Dumbbells,Beginner,https://musclewiki.com/dumbbells/male/traps-middle/dumbbell-seated-rear-delt-row,https://musclewiki.com/dumbbells/female/traps-middle/dumbbell-seated-rear-delt-row
Dumbbell Weighted Pull Ups,"Traps (mid-back), Lats",Dumbbells,Intermediate,https://musclewiki.com/dumbbells/male/traps-middle/dumbbell-weighted-pull-ups,https://musclewiki.com/dumbbells/female/traps-middle/dumbbell-weighted-pull-ups
Pull Ups,"Traps (mid-back), Lats",Bodyweight,Intermediate,https://musclewiki.com/bodyweight/male/traps-middle/pull-ups,https://musclewiki.com/bodyweight/female/traps-middle/pull-ups
Inverted Row,"Traps (mid-back), Forearms, Lats",Bodyweight,Beginner,https://musclewiki.com/bodyweight/male/traps-middle/inverted-row,https://musclewiki.com/bodyweight/female/traps-middle/inverted-row
Elevated Pike Press,"Traps (mid-back), Shoulders, Lateral Deltoid, Anterior Deltoid, Traps, Front Shoulders",Bodyweight,Intermediate,https://musclewiki.com/bodyweight/male/traps-middle/elevated-pike-press,https://musclewiki.com/bodyweight/female/traps-middle/elevated-pike-press
Bodyweight Pike Press,"Traps (mid-back), Shoulders, Lateral Deltoid, Anterior Deltoid, Traps, Front Shoulders",Bodyweight,Intermediate,https://musclewiki.com/bodyweight/male/traps-middle/bodyweight-pike-press,https://musclewiki.com/bodyweight/female/traps-middle/bodyweight-pike-press
Bodyweight Overhand Inverted Row,"Traps (mid-back), Forearms, Lats",Bodyweight,Beginner,https://musclewiki.com/bodyweight/male/traps-middle/bodyweight-overhand-inverted-row,https://musclewiki.com/bodyweight/female/traps-middle/bodyweight-overhand-inverted-row
Bodyweight Standing Inverted Row,"Traps (mid-back), Forearms, Lats",Bodyweight,Novice,https://musclewiki.com/bodyweight/male/traps-middle/bodyweight-standing-inverted-row,https://musclewiki.com/bodyweight/female/traps-middle/bodyweight-standing-inverted-row
L Sit Pull Up,"Traps (mid-back), Lats",Bodyweight,Intermediate,https://musclewiki.com/bodyweight/male/traps-middle/l-sit-pull-up,https://musclewiki.com/bodyweight/female/traps-middle/l-sit-pull-up
Kettlebell Deadlift (Single),"Traps (mid-back), Lower back, Hamstrings",Kettlebells,Beginner,https://musclewiki.com/kettlebells/male/traps-middle/kettlebell-deadlift-single,https://musclewiki.com/kettlebells/female/traps-middle/kettlebell-deadlift-single
Kettlebell Silverback Shrug (Single),"Traps (mid-back), Traps",Kettlebells,Beginner,https://musclewiki.com/kettlebells/male/traps-middle/kettlebell-silverback-shrug-single,https://musclewiki.com/kettlebells/female/traps-middle/kettlebell-silverback-shrug-single
Kettlebell Incline Shrug,"Traps (mid-back), Traps",Kettlebells,Beginner,https://musclewiki.com/kettlebells/male/traps-middle/kettlebell-incline-shrug,https://musclewiki.com/kettlebells/female/traps-middle/kettlebell-incline-shrug
Kettlebell Silverback Shrug,"Traps (mid-back), Upper Traps",Kettlebells,Beginner,https://musclewiki.com/kettlebells/male/traps-middle/kettlebell-silverback-shrug,https://musclewiki.com/kettlebells/female/traps-middle/kettlebell-silverback-shrug
Traps mid back Stretch Variation Two,Traps (mid-back),Stretches,Beginner,https://musclewiki.com/stretches/male/traps-middle/traps-mid-back-stretch-variation-two,https://musclewiki.com/stretches/female/traps-middle/traps-mid-back-stretch-variation-two
Traps mid back Stretch Variation One,Traps (mid-back),Stretches,Beginner,https://musclewiki.com/stretches/male/traps-middle/traps-mid-back-stretch-variation-one,https://musclewiki.com/stretches/female/traps-middle/traps-mid-back-stretch-variation-one
Cable Silverback Shrug,"Traps (mid-back), Traps",Cables,Novice,https://musclewiki.com/cables/male/traps-middle/cable-silverback-shrug,https://musclewiki.com/cables/female/traps-middle/cable-silverback-shrug
Cable Single Arm Rear Delt Row,"Traps (mid-back), Shoulders, Posterior Deltoid, Rear Shoulders",Cables,Advanced,https://musclewiki.com/cables/male/traps-middle/cable-single-arm-rear-delt-row,https://musclewiki.com/cables/female/traps-middle/cable-single-arm-rear-delt-row
Band Horizontal Shrug,"Traps (mid-back), Traps",Band,Novice,https://musclewiki.com/band/male/traps-middle/band-horizontal-shrug,https://musclewiki.com/band/female/traps-middle/band-horizontal-shrug
Band Pull Apart,"Traps (mid-back), Shoulders, Posterior Deltoid, Rear Shoulders",Band,Novice,https://musclewiki.com/band/male/traps-middle/band-pull-apart,https://musclewiki.com/band/female/traps-middle/band-pull-apart
Band High Face Pull,"Traps (mid-back), Shoulders, Posterior Deltoid, Rear Shoulders",Band,Novice,https://musclewiki.com/band/male/traps-middle/band-high-face-pull,https://musclewiki.com/band/female/traps-middle/band-high-face-pull
Band Rear Delt Fly,"Traps (mid-back), Shoulders, Posterior Deltoid, Rear Shoulders",Band,Intermediate,https://musclewiki.com/band/male/traps-middle/band-rear-delt-fly,https://musclewiki.com/band/female/traps-middle/band-rear-delt-fly
Plate Internally Rotated Rear Delt Fly,"Traps (mid-back), Shoulders, Posterior Deltoid, Rear Shoulders",Plate,Intermediate,https://musclewiki.com/plate/male/traps-middle/plate-internally-rotated-rear-delt-fly,https://musclewiki.com/plate/female/traps-middle/plate-internally-rotated-rear-delt-fly
Plate Rear Delt Fly,"Traps (mid-back), Shoulders, Posterior Deltoid, Rear Shoulders",Plate,Beginner,https://musclewiki.com/plate/male/traps-middle/plate-rear-delt-fly,https://musclewiki.com/plate/female/traps-middle/plate-rear-delt-fly
Plate Weighted Inverted Row,"Traps (mid-back), Forearms, Lats",Plate,Intermediate,https://musclewiki.com/plate/male/traps-middle/plate-weighted-inverted-row,https://musclewiki.com/plate/female/traps-middle/plate-weighted-inverted-row
Weighted Pull Ups,"Traps (mid-back), Lats",Plate,Advanced,https://musclewiki.com/plate/male/traps-middle/weighted-pull-ups,https://musclewiki.com/plate/female/traps-middle/weighted-pull-ups
TRX Rear Delt Fly,"Traps (mid-back), Shoulders, Posterior Deltoid, Rear Shoulders",TRX,Intermediate,https://musclewiki.com/trx/male/traps-middle/trx-rear-delt-fly,https://musclewiki.com/trx/female/traps-middle/trx-rear-delt-fly
TRX Rear Delt Row,"Traps (mid-back), Shoulders, Posterior Deltoid, Rear Shoulders",TRX,Beginner,https://musclewiki.com/trx/male/traps-middle/trx-rear-delt-row,https://musclewiki.com/trx/female/traps-middle/trx-rear-delt-row
TRX W Raise,"Traps (mid-back), Shoulders, Posterior Deltoid, Rear Shoulders",TRX,Beginner,https://musclewiki.com/trx/male/traps-middle/trx-w-raise,https://musclewiki.com/trx/female/traps-middle/trx-w-raise
Cat Pose,Traps (mid-back),Yoga,Beginner,https://musclewiki.com/yoga/male/traps-middle/cat-pose,https://musclewiki.com/yoga/female/traps-middle/cat-pose
Easy Seated Twist Pose,Traps (mid-back),Yoga,Beginner,https://musclewiki.com/yoga/male/traps-middle/easy-seated-twist-pose,https://musclewiki.com/yoga/female/traps-middle/easy-seated-twist-pose
Revolved Side Angle Pose With Prayer Hands Beginner,Traps (mid-back),Yoga,Beginner,https://musclewiki.com/yoga/male/traps-middle/revolved-side-angle-pose-with-prayer-hands-beginner,https://musclewiki.com/yoga/female/traps-middle/revolved-side-angle-pose-with-prayer-hands-beginner
Revolved Side Angle Pose With Prayer Hands,Traps (mid-back),Yoga,Intermediate,https://musclewiki.com/yoga/male/traps-middle/revolved-side-angle-pose-with-prayer-hands,https://musclewiki.com/yoga/female/traps-middle/revolved-side-angle-pose-with-prayer-hands
Seated Twist,Traps (mid-back),Yoga,Beginner,https://musclewiki.com/yoga/male/traps-middle/seated-twist,https://musclewiki.com/yoga/female/traps-middle/seated-twist
Smith Machine Inverted Row,"Traps (mid-back), Forearms, Lats",Smith-Machine,Beginner,https://musclewiki.com/smith-machine/male/traps-middle/smith-machine-inverted-row,https://musclewiki.com/smith-machine/female/traps-middle/smith-machine-inverted-row
Smith Machine Assisted Pullup,"Traps (mid-back), Lats",Smith-Machine,Novice,https://musclewiki.com/smith-machine/male/traps-middle/smith-machine-assisted-pullup,https://musclewiki.com/smith-machine/female/traps-middle/smith-machine-assisted-pullup
Laying Ts,"Traps (mid-back), Rear Shoulders",Recovery,Novice,https://musclewiki.com/recovery/male/scapula/laying-ts,https://musclewiki.com/recovery/female/scapula/laying-ts
Scapular Retraction,Traps (mid-back),Recovery,Novice,https://musclewiki.com/recovery/male/scapula/scapular-retraction,https://musclewiki.com/recovery/female/scapula/scapular-retraction
Lower back,,,,,
Barbell High Bar Good Morning,"Lower back, Glutes, Hamstrings",Barbell,Advanced,https://musclewiki.com/barbell/male/lowerback/barbell-high-bar-good-morning,https://musclewiki.com/barbell/female/lowerback/barbell-high-bar-good-morning
Barbell Low Bar Good Morning,"Lower back, Glutes, Hamstrings",Barbell,Advanced,https://musclewiki.com/barbell/male/lowerback/barbell-low-bar-good-morning,https://musclewiki.com/barbell/female/lowerback/barbell-low-bar-good-morning
Barbell Sumo Deadlift,"Lower back, Glutes, Quads",Barbell,Intermediate,https://musclewiki.com/barbell/male/lowerback/barbell-sumo-deadlift,https://musclewiki.com/barbell/female/lowerback/barbell-sumo-deadlift
Barbell Staggered Deadlift,"Lower back, Glutes, Hamstrings",Barbell,Advanced,https://musclewiki.com/barbell/male/lowerback/barbell-staggered-deadlift,https://musclewiki.com/barbell/female/lowerback/barbell-staggered-deadlift
Barbell Single Leg Deadlift,"Lower back, Glutes, Hamstrings",Barbell,Advanced,https://musclewiki.com/barbell/male/lowerback/barbell-single-leg-deadlift,https://musclewiki.com/barbell/female/lowerback/barbell-single-leg-deadlift
Barbell Romanian Deadlift,"Lower back, Glutes, Hamstrings",Barbell,Intermediate,https://musclewiki.com/barbell/male/lowerback/barbell-romanian-deadlift,https://musclewiki.com/barbell/female/lowerback/barbell-romanian-deadlift
Barbell Low Bar Squat,"Lower back, Glutes, Quads",Barbell,Intermediate,https://musclewiki.com/barbell/male/lowerback/barbell-low-bar-squat,https://musclewiki.com/barbell/female/lowerback/barbell-low-bar-squat
Barbell Coan Deadlift,"Lower back, Glutes, Quads",Barbell,Intermediate,https://musclewiki.com/barbell/male/lowerback/barbell-coan-deadlift,https://musclewiki.com/barbell/female/lowerback/barbell-coan-deadlift
Barbell Pause Box Squat,"Lower back, Glutes, Quads",Barbell,Advanced,https://musclewiki.com/barbell/male/lowerback/barbell-pause-box-squat,https://musclewiki.com/barbell/female/lowerback/barbell-pause-box-squat
Barbell Pause Squat,"Lower back, Glutes, Quads",Barbell,Intermediate,https://musclewiki.com/barbell/male/lowerback/barbell-pause-squat,https://musclewiki.com/barbell/female/lowerback/barbell-pause-squat
Barbell Reverse Deadlift,"Lower back, Glutes, Quads",Barbell,Advanced,https://musclewiki.com/barbell/male/lowerback/barbell-reverse-deadlift,https://musclewiki.com/barbell/female/lowerback/barbell-reverse-deadlift
Barbell Snatch Grip Deadlift,"Lower back, Glutes, Hamstrings",Barbell,Advanced,https://musclewiki.com/barbell/male/lowerback/barbell-snatch-grip-deadlift,https://musclewiki.com/barbell/female/lowerback/barbell-snatch-grip-deadlift
Barbell Snatch Grip Romanian Deadlift,"Lower back, Glutes, Hamstrings, Lateral Hamstrings",Barbell,Advanced,https://musclewiki.com/barbell/male/lowerback/barbell-snatch-grip-romanian-deadlift,https://musclewiki.com/barbell/female/lowerback/barbell-snatch-grip-romanian-deadlift
Barbell Suitcase Deadlift,"Lower back, Glutes, Hamstrings, Obliques",Barbell,Advanced,https://musclewiki.com/barbell/male/lowerback/barbell-suitcase-deadlift,https://musclewiki.com/barbell/female/lowerback/barbell-suitcase-deadlift
Barbell Zercher Good Morning,"Lower back, Glutes, Hamstrings",Barbell,Advanced,https://musclewiki.com/barbell/male/lowerback/barbell-zercher-good-morning,https://musclewiki.com/barbell/female/lowerback/barbell-zercher-good-morning
Barbell Zercher Squat,"Lower back, Glutes, Quads",Barbell,Advanced,https://musclewiki.com/barbell/male/lowerback/barbell-zercher-squat,https://musclewiki.com/barbell/female/lowerback/barbell-zercher-squat
Landmine Romanian Deadlift,"Lower back, Glutes, Hamstrings",Barbell,Intermediate,https://musclewiki.com/barbell/male/lowerback/landmine-romanian-deadlift,https://musclewiki.com/barbell/female/lowerback/landmine-romanian-deadlift
Landmine Single Leg Romanian Deadlift,"Lower back, Glutes, Gluteus Maximus, Hamstrings, Lateral Hamstrings",Barbell,Intermediate,https://musclewiki.com/barbell/male/lowerback/landmine-single-leg-romanian-deadlift,https://musclewiki.com/barbell/female/lowerback/landmine-single-leg-romanian-deadlift
Landmine Snatch,"Lower back, Glutes, Gluteus Maximus, Shoulders, Lateral Deltoid, Anterior Deltoid, Front Shoulders",Barbell,Intermediate,https://musclewiki.com/barbell/male/lowerback/landmine-snatch,https://musclewiki.com/barbell/female/lowerback/landmine-snatch
Landmine Staggered Romanian Deadlift,"Lower back, Glutes, Gluteus Maximus, Hamstrings, Lateral Hamstrings",Barbell,Advanced,https://musclewiki.com/barbell/male/lowerback/landmine-staggered-romanian-deadlift,https://musclewiki.com/barbell/female/lowerback/landmine-staggered-romanian-deadlift
Barbell Suitcase Carry,"Lower back, Glutes, Hamstrings, Obliques, Hands",Barbell,Advanced,https://musclewiki.com/barbell/male/lowerback/barbell-suitcase-carry,https://musclewiki.com/barbell/female/lowerback/barbell-suitcase-carry
Barbell Sumo Pause Deadlift,"Lower back, Glutes",Barbell,Intermediate,https://musclewiki.com/barbell/male/lowerback/barbell-sumo-pause-deadlift,https://musclewiki.com/barbell/female/lowerback/barbell-sumo-pause-deadlift
Barbell Jefferson Deadlift,"Lower back, Glutes",Barbell,Advanced,https://musclewiki.com/barbell/male/lowerback/barbell-jefferson-deadlift,https://musclewiki.com/barbell/female/lowerback/barbell-jefferson-deadlift
Barbell Conventional Pause Deadlift,"Lower back, Glutes",Barbell,Intermediate,https://musclewiki.com/barbell/male/lowerback/barbell-conventional-pause-deadlift,https://musclewiki.com/barbell/female/lowerback/barbell-conventional-pause-deadlift
Barbell Block Conventional Deadlift,"Lower back, Glutes",Barbell,Intermediate,https://musclewiki.com/barbell/male/lowerback/barbell-block-conventional-deadlift,https://musclewiki.com/barbell/female/lowerback/barbell-block-conventional-deadlift
Barbell Deficit Conventional Deadlift,"Lower back, Glutes",Barbell,Intermediate,https://musclewiki.com/barbell/male/lowerback/barbell-deficit-conventional-deadlift,https://musclewiki.com/barbell/female/lowerback/barbell-deficit-conventional-deadlift
Dumbbell Goblet Good Morning,"Lower back, Glutes, Hamstrings",Dumbbells,Beginner,https://musclewiki.com/dumbbells/male/lowerback/dumbbell-goblet-good-morning,https://musclewiki.com/dumbbells/female/lowerback/dumbbell-goblet-good-morning
Dumbbell Romanian Deadlift,"Lower back, Glutes, Hamstrings, Lateral Hamstrings",Dumbbells,Beginner,https://musclewiki.com/dumbbells/male/lowerback/dumbbell-romanian-deadlift,https://musclewiki.com/dumbbells/female/lowerback/dumbbell-romanian-deadlift
Dumbbell Front Rack Pause Squat,"Lower back, Glutes, Quads",Dumbbells,Intermediate,https://musclewiki.com/dumbbells/male/lowerback/dumbbell-front-rack-pause-squat,https://musclewiki.com/dumbbells/female/lowerback/dumbbell-front-rack-pause-squat
Dumbbell Single Leg Single Arm Deadlift,"Lower back, Glutes, Hamstrings",Dumbbells,Advanced,https://musclewiki.com/dumbbells/male/lowerback/dumbbell-single-leg-single-arm-deadlift,https://musclewiki.com/dumbbells/female/lowerback/dumbbell-single-leg-single-arm-deadlift
Dumbbell Single Leg Stiff Leg Deadlift,"Lower back, Glutes, Hamstrings, Lateral Hamstrings",Dumbbells,Intermediate,https://musclewiki.com/dumbbells/male/lowerback/dumbbell-single-leg-stiff-leg-deadlift,https://musclewiki.com/dumbbells/female/lowerback/dumbbell-single-leg-stiff-leg-deadlift
Dumbbell Staggered Deadlift,"Lower back, Glutes, Hamstrings",Dumbbells,Intermediate,https://musclewiki.com/dumbbells/male/lowerback/dumbbell-staggered-deadlift,https://musclewiki.com/dumbbells/female/lowerback/dumbbell-staggered-deadlift
Dumbbell Sumo Squat,"Lower back, Glutes, Quads",Dumbbells,Beginner,https://musclewiki.com/dumbbells/male/lowerback/dumbbell-sumo-squat,https://musclewiki.com/dumbbells/female/lowerback/dumbbell-sumo-squat
Dumbbell Swing,"Lower back, Glutes, Hamstrings",Dumbbells,Beginner,https://musclewiki.com/dumbbells/male/lowerback/dumbbell-swing,https://musclewiki.com/dumbbells/female/lowerback/dumbbell-swing
Dumbbell Superman,Lower back,Dumbbells,Novice,https://musclewiki.com/dumbbells/male/lowerback/dumbbell-superman,https://musclewiki.com/dumbbells/female/lowerback/dumbbell-superman
Dumbbell Superman Hold,Lower back,Dumbbells,Novice,https://musclewiki.com/dumbbells/male/lowerback/dumbbell-superman-hold,https://musclewiki.com/dumbbells/female/lowerback/dumbbell-superman-hold
Dumbbell Cross Body Romanian Deadlift,"Lower back, Glutes, Hamstrings, Lateral Hamstrings",Dumbbells,Intermediate,https://musclewiki.com/dumbbells/male/lowerback/dumbbell-cross-body-romanian-deadlift,https://musclewiki.com/dumbbells/female/lowerback/dumbbell-cross-body-romanian-deadlift
Dumbbell Box Squat,"Lower back, Glutes, Quads",Dumbbells,Beginner,https://musclewiki.com/dumbbells/male/lowerback/dumbbell-box-squat,https://musclewiki.com/dumbbells/female/lowerback/dumbbell-box-squat
Good Mornings,"Lower back, Glutes, Hamstrings",Bodyweight,Novice,https://musclewiki.com/bodyweight/male/lowerback/good-mornings,https://musclewiki.com/bodyweight/female/lowerback/good-mornings
Supermans,Lower back,Bodyweight,Beginner,https://musclewiki.com/bodyweight/male/lowerback/supermans,https://musclewiki.com/bodyweight/female/lowerback/supermans
Single Legged Romanian Deadlifts,"Lower back, Glutes, Hamstrings",Bodyweight,Beginner,https://musclewiki.com/bodyweight/male/lowerback/single-legged-romanian-deadlifts,https://musclewiki.com/bodyweight/female/lowerback/single-legged-romanian-deadlifts
Machine 45 Degree Back Extension,Lower back,Machine,Beginner,https://musclewiki.com/machine/male/lowerback/machine-45-degree-back-extension,https://musclewiki.com/machine/female/lowerback/machine-45-degree-back-extension
Medicine Ball Single Leg Deadlift,"Lower back, Glutes, Hamstrings",Medicine-Ball,Intermediate,https://musclewiki.com/medicine-ball/male/lowerback/single-leg-deadlift,https://musclewiki.com/medicine-ball/female/lowerback/single-leg-deadlift
Kettlebell Swing,"Lower back, Glutes, Hamstrings",Kettlebells,Intermediate,https://musclewiki.com/kettlebells/male/lowerback/kettlebell-swing,https://musclewiki.com/kettlebells/female/lowerback/kettlebell-swing
Kettlebell Single Leg Deadlift,"Lower back, Glutes, Hamstrings",Kettlebells,Advanced,https://musclewiki.com/kettlebells/male/lowerback/kettlebell-single-leg-deadlift,https://musclewiki.com/kettlebells/female/lowerback/kettlebell-single-leg-deadlift
Kettlebell Staggered Deadlift (Single),"Lower back, Glutes, Hamstrings",Kettlebells,Beginner,https://musclewiki.com/kettlebells/male/lowerback/kettlebell-staggered-deadlift-single,https://musclewiki.com/kettlebells/female/lowerback/kettlebell-staggered-deadlift-single
Kettlebell Goblet Good Morning,"Lower back, Glutes, Hamstrings",Kettlebells,Novice,https://musclewiki.com/kettlebells/male/lowerback/kettlebell-goblet-good-morning,https://musclewiki.com/kettlebells/female/lowerback/kettlebell-goblet-good-morning
Kettlebell Superman,Lower back,Kettlebells,Advanced,https://musclewiki.com/kettlebells/male/lowerback/kettlebell-superman,https://musclewiki.com/kettlebells/female/lowerback/kettlebell-superman
Kettlebell Superman Hold,Lower back,Kettlebells,Advanced,https://musclewiki.com/kettlebells/male/lowerback/kettlebell-superman-hold,https://musclewiki.com/kettlebells/female/lowerback/kettlebell-superman-hold
Kettlebell Alternating Swing,"Lower back, Glutes, Hamstrings",Kettlebells,Intermediate,https://musclewiki.com/kettlebells/male/lowerback/kettlebell-alternating-swing,https://musclewiki.com/kettlebells/female/lowerback/kettlebell-alternating-swing
Kettlebell Conventional Deadlift (Double),"Lower back, Glutes, Hamstrings",Kettlebells,Beginner,https://musclewiki.com/kettlebells/male/lowerback/kettlebell-conventional-deadlift-double,https://musclewiki.com/kettlebells/female/lowerback/kettlebell-conventional-deadlift-double
Kettlebell Swing (Double),"Lower back, Glutes, Hamstrings",Kettlebells,Intermediate,https://musclewiki.com/kettlebells/male/lowerback/kettlebell-swing-double,https://musclewiki.com/kettlebells/female/lowerback/kettlebell-swing-double
Kettlebell Full Swing,"Lower back, Glutes, Hamstrings, Shoulders, Anterior Deltoid, Front Shoulders",Kettlebells,Intermediate,https://musclewiki.com/kettlebells/male/lowerback/kettlebell-full-swing,https://musclewiki.com/kettlebells/female/lowerback/kettlebell-full-swing
Kettlebell Romanian Deadlift,"Lower back, Glutes, Hamstrings",Kettlebells,Beginner,https://musclewiki.com/kettlebells/male/lowerback/kettlebell-romanian-deadlift,https://musclewiki.com/kettlebells/female/lowerback/kettlebell-romanian-deadlift
Kettlebell Single Arm Swing,"Lower back, Glutes, Hamstrings",Kettlebells,Beginner,https://musclewiki.com/kettlebells/male/lowerback/kettlebell-single-arm-swing,https://musclewiki.com/kettlebells/female/lowerback/kettlebell-single-arm-swing
Kettlebell Staggered Deadlift,"Lower back, Glutes, Hamstrings",Kettlebells,Intermediate,https://musclewiki.com/kettlebells/male/lowerback/kettlebell-staggered-deadlift,https://musclewiki.com/kettlebells/female/lowerback/kettlebell-staggered-deadlift
Kettlebell Staggered Swing,"Lower back, Glutes, Hamstrings",Kettlebells,Intermediate,https://musclewiki.com/kettlebells/male/lowerback/kettlebells-staggered-swing,https://musclewiki.com/kettlebells/female/lowerback/kettlebells-staggered-swing
Kettlebell Sumo Deadlift,"Lower back, Glutes, Quads",Kettlebells,Beginner,https://musclewiki.com/kettlebells/male/lowerback/kettlebell-sumo-deadlift,https://musclewiki.com/kettlebells/female/lowerback/kettlebell-sumo-deadlift
Swing To Upright Row,"Lower back, Glutes, Hamstrings, Shoulders, Lateral Deltoid, Anterior Deltoid, Traps, Front Shoulders",Kettlebells,Intermediate,https://musclewiki.com/kettlebells/male/lowerback/swing-to-upright-row,https://musclewiki.com/kettlebells/female/lowerback/swing-to-upright-row
Kettlebell Suitcase Deadlift,"Lower back, Glutes, Hamstrings, Obliques, Hands",Kettlebells,Intermediate,https://musclewiki.com/kettlebells/male/lowerback/kettlebell-suitcase-deadlift,https://musclewiki.com/kettlebells/female/lowerback/kettlebell-suitcase-deadlift
Kettlebell Box Squat,"Lower back, Glutes, Quads",Kettlebells,Beginner,https://musclewiki.com/kettlebells/male/lowerback/kettlebell-box-squat,https://musclewiki.com/kettlebells/female/lowerback/kettlebell-box-squat
Lower back Stretch Variation Four,Lower back,Stretches,Novice,https://musclewiki.com/stretches/male/lowerback/lower-back-stretch-variation-four,https://musclewiki.com/stretches/female/lowerback/lower-back-stretch-variation-four
Lower back Stretch Variation Three,Lower back,Stretches,Novice,https://musclewiki.com/stretches/male/lowerback/lower-back-stretch-variation-three,https://musclewiki.com/stretches/female/lowerback/lower-back-stretch-variation-three
Lower back Stretch Variation Two,Lower back,Stretches,Novice,https://musclewiki.com/stretches/male/lowerback/lower-back-stretch-variation-two,https://musclewiki.com/stretches/female/lowerback/lower-back-stretch-variation-two
Lower back Stretch Variation One,Lower back,Stretches,Novice,https://musclewiki.com/stretches/male/lowerback/lower-back-stretch-variation-one,https://musclewiki.com/stretches/female/lowerback/lower-back-stretch-variation-one
Cable Goblet Squat,"Lower back, Glutes, Quads",Cables,Novice,https://musclewiki.com/cables/male/lowerback/cable-goblet-squat,https://musclewiki.com/cables/female/lowerback/cable-goblet-squat
Cable Bar Romanian Deadlift,"Lower back, Glutes, Hamstrings, Lateral Hamstrings",Cables,Beginner,https://musclewiki.com/cables/male/lowerback/cable-bar-romanian-deadlift,https://musclewiki.com/cables/female/lowerback/cable-bar-romanian-deadlift
Cable Single Leg Deadlift,"Lower back, Glutes, Hamstrings",Cables,Advanced,https://musclewiki.com/cables/male/lowerback/cable-single-leg-deadlift,https://musclewiki.com/cables/female/lowerback/cable-single-leg-deadlift
Cable Pull Through,"Lower back, Glutes, Hamstrings",Cables,Beginner,https://musclewiki.com/cables/male/lowerback/cable-pull-through,https://musclewiki.com/cables/female/lowerback/cable-pull-through
Cable Standing Straight Leg Glute Kickback,"Lower back, Glutes",Cables,Beginner,https://musclewiki.com/cables/male/lowerback/cable-standing-straight-leg-glute-glute-kickback,https://musclewiki.com/cables/female/lowerback/cable-standing-straight-leg-glute-glute-kickback
Cable Zercher Squat,"Lower back, Glutes, Quads",Cables,Intermediate,https://musclewiki.com/cables/male/lowerback/cable-zercher-squat,https://musclewiki.com/cables/female/lowerback/cable-zercher-squat
Cable Incline Bench Straight Leg Kickback,"Lower back, Glutes",Cables,Beginner,https://musclewiki.com/cables/male/lowerback/cable-incline-bench-straight-leg-kickback,https://musclewiki.com/cables/female/lowerback/cable-incline-bench-straight-leg-kickback
Cable Bench Straight Leg Kickback,"Lower back, Glutes",Cables,Beginner,https://musclewiki.com/cables/male/lowerback/cable-bench-straight-leg-kickback,https://musclewiki.com/cables/female/lowerback/cable-bench-straight-leg-kickback
Cable Standing Mid Kickback,"Lower back, Glutes",Cables,Beginner,https://musclewiki.com/cables/male/lowerback/cable-standing-mid-kickback,https://musclewiki.com/cables/female/lowerback/cable-standing-mid-kickback
Cable Standing Straight Leg Mid Kickback,"Lower back, Glutes",Cables,Beginner,https://musclewiki.com/cables/male/lowerback/cable-standing-straight-leg-mid-kickback,https://musclewiki.com/cables/female/lowerback/cable-standing-straight-leg-mid-kickback
Cable Zercher Good Morning,"Lower back, Glutes, Hamstrings",Cables,Advanced,https://musclewiki.com/cables/male/lowerback/cable-zercher-good-morning,https://musclewiki.com/cables/female/lowerback/cable-zercher-good-morning
Cable Bar Staggered Romanian Deadlift,"Lower back, Glutes, Hamstrings, Lateral Hamstrings",Cables,Intermediate,https://musclewiki.com/cables/male/lowerback/cable-bar-staggered-romanian-deadlift,https://musclewiki.com/cables/female/lowerback/cable-bar-staggered-romanian-deadlift
Cable Elevated Deadlift,"Lower back, Glutes, Hamstrings, Lateral Hamstrings",Cables,Intermediate,https://musclewiki.com/cables/male/lowerback/cable-elevated-deadlift,https://musclewiki.com/cables/female/lowerback/cable-elevated-deadlift
Band Good Morning,"Lower back, Glutes, Hamstrings",Band,Novice,https://musclewiki.com/band/male/lowerback/band-good-morning,https://musclewiki.com/band/female/lowerback/band-good-morning
Band Pullthrough,"Lower back, Glutes, Hamstrings",Band,Beginner,https://musclewiki.com/band/male/lowerback/band-pullthrough,https://musclewiki.com/band/female/lowerback/band-pullthrough
Band Romanian Deadlift,"Lower back, Glutes, Hamstrings",Band,Novice,https://musclewiki.com/band/male/lowerback/band-romanian-deadlift,https://musclewiki.com/band/female/lowerback/band-romanian-deadlift
Plate Deadlift,"Lower back, Glutes, Hamstrings",Plate,Intermediate,https://musclewiki.com/plate/male/lowerback/plate-deadlift,https://musclewiki.com/plate/female/lowerback/plate-deadlift
Plate Single Leg Pinch Grip Deadlift,"Lower back, Forearms, Glutes, Hamstrings",Plate,Intermediate,https://musclewiki.com/plate/male/lowerback/plate-single-leg-pinch-grip-deadlift,https://musclewiki.com/plate/female/lowerback/plate-single-leg-pinch-grip-deadlift
Plate Good Morning Anterior,"Lower back, Glutes, Hamstrings",Plate,Novice,https://musclewiki.com/plate/male/lowerback/plate-good-morning-anterior,https://musclewiki.com/plate/female/lowerback/plate-good-morning-anterior
Plate Good Morning,"Lower back, Glutes, Hamstrings",Plate,Novice,https://musclewiki.com/plate/male/lowerback/plate-good-morning,https://musclewiki.com/plate/female/lowerback/plate-good-morning
Plate Single Leg Deadlift,"Lower back, Glutes, Hamstrings",Plate,Advanced,https://musclewiki.com/plate/male/lowerback/plate-single-leg-deadlift,https://musclewiki.com/plate/female/lowerback/plate-single-leg-deadlift
Plate Pinch Grip Deadlift,"Lower back, Forearms, Lats, Hands",Plate,Intermediate,https://musclewiki.com/plate/male/lowerback/plate-pinch-grip-deadlift,https://musclewiki.com/plate/female/lowerback/plate-pinch-grip-deadlift
Plate Staggered Deadlift,"Lower back, Glutes, Hamstrings",Plate,Advanced,https://musclewiki.com/plate/male/lowerback/plate-staggered-deadlift,https://musclewiki.com/plate/female/lowerback/plate-staggered-deadlift
Plate Staggered Pinch Grip Deadlift,"Lower back, Forearms, Glutes, Hamstrings",Plate,Advanced,https://musclewiki.com/plate/male/lowerback/plate-staggered-pinch-grip-deadlift,https://musclewiki.com/plate/female/lowerback/plate-staggered-pinch-grip-deadlift
Plate Superman,Lower back,Plate,Intermediate,https://musclewiki.com/plate/male/lowerback/plate-superman,https://musclewiki.com/plate/female/lowerback/plate-superman
Plate Superman Hold,Lower back,Plate,Intermediate,https://musclewiki.com/plate/male/lowerback/plate-superman-hold,https://musclewiki.com/plate/female/lowerback/plate-superman-hold
TRX Ab Rollout,"Lower back, Abdominals, Lats",TRX,Advanced,https://musclewiki.com/trx/male/lowerback/trx-ab-rollout,https://musclewiki.com/trx/female/lowerback/trx-ab-rollout
Happy Baby,Lower back,Yoga,Beginner,https://musclewiki.com/yoga/male/lowerback/happy-baby,https://musclewiki.com/yoga/female/lowerback/happy-baby
Sphinx Pose,Lower back,Yoga,Beginner,https://musclewiki.com/yoga/male/lowerback/sphinx-pose,https://musclewiki.com/yoga/female/lowerback/sphinx-pose
Cobra Pose,"Lower back, Abdominals",Yoga,Beginner,https://musclewiki.com/yoga/male/lowerback/cobra-pose,https://musclewiki.com/yoga/female/lowerback/cobra-pose
Bosu Ball Single Leg Hip Thrust,"Lower back, Glutes",Bosu-Ball,Beginner,https://musclewiki.com/bosu-ball/male/lowerback/single-leg-hip-thrust,https://musclewiki.com/bosu-ball/female/lowerback/single-leg-hip-thrust
Bosu Ball Superman,Lower back,Bosu-Ball,Beginner,https://musclewiki.com/bosu-ball/male/lowerback/superman,https://musclewiki.com/bosu-ball/female/lowerback/superman
Vitruvian Romanian Deadlift,"Lower back, Forearms, Glutes, Hamstrings",Vitruvian,Beginner,https://musclewiki.com/vitruvian/male/lowerback/romanian-deadlift,https://musclewiki.com/vitruvian/female/lowerback/romanian-deadlift
Vitruvian Single Leg Deadlift,"Lower back, Glutes, Hamstrings",Vitruvian,Intermediate,https://musclewiki.com/vitruvian/male/lowerback/single-leg-deadlift,https://musclewiki.com/vitruvian/female/lowerback/single-leg-deadlift
Vitruvian Staggered Deadlift,"Lower back, Glutes, Hamstrings",Vitruvian,Intermediate,https://musclewiki.com/vitruvian/male/lowerback/staggered-deadlift,https://musclewiki.com/vitruvian/female/lowerback/staggered-deadlift
Smith Machine Sumo Romanian Deadlift,"Lower back, Glutes, Hamstrings",Smith-Machine,Intermediate,https://musclewiki.com/smith-machine/male/lowerback/smith-machine-sumo-romanian-deadlift,https://musclewiki.com/smith-machine/female/lowerback/smith-machine-sumo-romanian-deadlift
Smith Machine Staggered Deadlift,"Lower back, Glutes, Hamstrings",Smith-Machine,Intermediate,https://musclewiki.com/smith-machine/male/lowerback/smith-machine-staggered-deadlift,https://musclewiki.com/smith-machine/female/lowerback/smith-machine-staggered-deadlift
Smith Machine Romanian Deadlift,"Lower back, Glutes, Hamstrings",Smith-Machine,Beginner,https://musclewiki.com/smith-machine/male/lowerback/smith-machine-romanian-deadlift,https://musclewiki.com/smith-machine/female/lowerback/smith-machine-romanian-deadlift
Alternating Swipe Around,"Lower back, Lats, Shoulders",Recovery,Beginner,https://musclewiki.com/recovery/male/lowerback/swipe-around-prone-alternate,https://musclewiki.com/recovery/female/lowerback/swipe-around-prone-alternate
Swipe Around,"Lower back, Lats, Shoulders",Recovery,Beginner,https://musclewiki.com/recovery/male/lowerback/swipe-around-prone,https://musclewiki.com/recovery/female/lowerback/swipe-around-prone
Skydiver,Lower back,Recovery,Beginner,https://musclewiki.com/recovery/male/lowerback/skydiver,https://musclewiki.com/recovery/female/lowerback/skydiver
Box Supported Single Leg Deadlift,"Lower back, Glutes, Hamstrings",Recovery,Advanced,https://musclewiki.com/recovery/male/lowerback/single-leg-deadlift-1-box-support,https://musclewiki.com/recovery/female/lowerback/single-leg-deadlift-1-box-support
QL Mobilisation Floor Foam Roller,Lower back,Recovery,Beginner,https://musclewiki.com/recovery/male/lowerback/ql-mobilisation-floor-foam-roller,https://musclewiki.com/recovery/female/lowerback/ql-mobilisation-floor-foam-roller
Prayer Stretch 2 Roller,"Lower back, Glutes, Lats",Recovery,Beginner,https://musclewiki.com/recovery/male/lowerback/prayer-stretch-2-roller,https://musclewiki.com/recovery/female/lowerback/prayer-stretch-2-roller
Prayer Stretch 1,"Lower back, Glutes, Lats",Recovery,Beginner,https://musclewiki.com/recovery/male/lowerback/prayer-stretch-1,https://musclewiki.com/recovery/female/lowerback/prayer-stretch-1
Deadlift Bounces Stretch,"Lower back, Glutes, Hamstrings",Recovery,Beginner,https://musclewiki.com/recovery/male/lowerback/deadlift-bounces-stretch,https://musclewiki.com/recovery/female/lowerback/deadlift-bounces-stretch
Bodyweight Deadlift,"Lower back, Glutes",Recovery,Novice,https://musclewiki.com/recovery/male/lowerback/bodyweight-deadlift,https://musclewiki.com/recovery/female/lowerback/bodyweight-deadlift
Lumbar Rotation 5,Lower back,Recovery,Beginner,https://musclewiki.com/recovery/male/lowerback/lumbar-rotation-5-active-kick,https://musclewiki.com/recovery/female/lowerback/lumbar-rotation-5-active-kick
Lumbar Rotation 3,Lower back,Recovery,Beginner,https://musclewiki.com/recovery/male/lowerback/lumbar-rotation-3-supine-passive-ankle-over-opposite-knee,https://musclewiki.com/recovery/female/lowerback/lumbar-rotation-3-supine-passive-ankle-over-opposite-knee
Lumbar Rotation 4,Lower back,Recovery,Beginner,https://musclewiki.com/recovery/male/lowerback/lumbar-rotation-4-supine-active-crossed-legs,https://musclewiki.com/recovery/female/lowerback/lumbar-rotation-4-supine-active-crossed-legs
Lumbar Rotation 2,Lower back,Recovery,Beginner,https://musclewiki.com/recovery/male/lowerback/lumbar-rotation-2-supine-active,https://musclewiki.com/recovery/female/lowerback/lumbar-rotation-2-supine-active
Lumbar Rotation 1,Lower back,Recovery,Beginner,https://musclewiki.com/recovery/male/lowerback/lumbar-rotation-1-supine-passive,https://musclewiki.com/recovery/female/lowerback/lumbar-rotation-1-supine-passive
Cobra Stretch 2,Lower back,Recovery,Beginner,https://musclewiki.com/recovery/male/lowerback/cobra-stretch-2,https://musclewiki.com/recovery/female/lowerback/cobra-stretch-2
Cobra Stretch 1,Lower back,Recovery,Beginner,https://musclewiki.com/recovery/male/lowerback/cobra-stretch-1,https://musclewiki.com/recovery/female/lowerback/cobra-stretch-1
Floor Knee Pull Bilateral,Lower back,Recovery,Beginner,https://musclewiki.com/recovery/male/lowerback/lumbar-flexion-knee-pull-bilateral-floor,https://musclewiki.com/recovery/female/lowerback/lumbar-flexion-knee-pull-bilateral-floor
Lumbar Extensor Mobilisation Supine Bent Knees Peanut Tool,Lower back,Recovery,Beginner,https://musclewiki.com/recovery/male/lowerback/lumbar-extensor-mobilisation-supine-bent-knees-peanut-tool,https://musclewiki.com/recovery/female/lowerback/lumbar-extensor-mobilisation-supine-bent-knees-peanut-tool
Lower Back Extensions 4,Lower back,Recovery,Beginner,https://musclewiki.com/recovery/male/lowerback/lower-back-extensions-4,https://musclewiki.com/recovery/female/lowerback/lower-back-extensions-4
Lower Back Extensions 3,Lower back,Recovery,Beginner,https://musclewiki.com/recovery/male/lowerback/lower-back-extensions-3,https://musclewiki.com/recovery/female/lowerback/lower-back-extensions-3
Lower Back Extensions 2,Lower back,Recovery,Beginner,https://musclewiki.com/recovery/male/lowerback/lower-back-extensions-2,https://musclewiki.com/recovery/female/lowerback/lower-back-extensions-2
Partner Lower Back Extensions,Lower back,Recovery,Beginner,https://musclewiki.com/recovery/male/lowerback/lower-back-extensions-1,https://musclewiki.com/recovery/female/lowerback/lower-back-extensions-1
Knee Pull And Lumbar Rotation,"Lower back, Glutes, Chest",Recovery,Beginner,https://musclewiki.com/recovery/male/lowerback/knee-pull-and-lumbar-rotation-supine-glute-and-lower-back-stretch,https://musclewiki.com/recovery/female/lowerback/knee-pull-and-lumbar-rotation-supine-glute-and-lower-back-stretch
I Into W,"Lower back, Lats",Recovery,Beginner,https://musclewiki.com/recovery/male/lowerback/i-into-w-prone,https://musclewiki.com/recovery/female/lowerback/i-into-w-prone
Inchworm,"Lower back, Glutes, Hamstrings",Recovery,Beginner,https://musclewiki.com/recovery/male/lowerback/inchworm,https://musclewiki.com/recovery/female/lowerback/inchworm
Abdominals,,,,,
Barbell Roll Outs,Abdominals,,,,
Barbell Front Squat Olympic,"Abdominals, Glutes, Quads",Barbell,Advanced,https://musclewiki.com/barbell/male/abdominals/barbell-front-squat-olympic,https://musclewiki.com/barbell/female/abdominals/barbell-front-squat-olympic
Barbell Situp,"Abdominals, Upper Abdominals","Barbell, Intermediate",Intermediate,"https://musclewiki.com/barbell/male/abdominals/barbell-situp, Male|Female","https://musclewiki.com/barbell/female/abdominals/barbell-situp, Barbell"
Barbell Hooklying Bench Press,"Abdominals, Triceps, Chest",Barbell,Advanced,https://musclewiki.com/barbell/male/abdominals/barbell-hooklying-bench-press,https://musclewiki.com/barbell/female/abdominals/barbell-hooklying-bench-press
Barbell Larsen Bench Press,"Abdominals, Lower Abdominals, Triceps, Chest",Barbell,Advanced,https://musclewiki.com/barbell/male/abdominals/barbell-larsen-bench-press,https://musclewiki.com/barbell/female/abdominals/barbell-larsen-bench-press
Landmine Hollow Hold,"Abdominals, Shoulders, Anterior Deltoid, Front Shoulders",Barbell,Advanced,https://musclewiki.com/barbell/male/abdominals/landmine-hollow-hold,https://musclewiki.com/barbell/female/abdominals/landmine-hollow-hold
Landmine Sit Up,"Abdominals, Upper Abdominals",Barbell,Intermediate,https://musclewiki.com/barbell/male/abdominals/landmine-sit-up,https://musclewiki.com/barbell/female/abdominals/landmine-sit-up
Dumbbell Situp,"Abdominals, Upper Abdominals",Dumbbells,Intermediate,https://musclewiki.com/dumbbells/male/abdominals/dumbbell-situp,https://musclewiki.com/dumbbells/female/abdominals/dumbbell-situp
Dumbbell Russian Twist,"Abdominals, Obliques",Dumbbells,Intermediate,https://musclewiki.com/dumbbells/male/abdominals/dumbbell-russian-twist,https://musclewiki.com/dumbbells/female/abdominals/dumbbell-russian-twist
Dumbbell Plank Pullthrough,Abdominals,Dumbbells,Intermediate,https://musclewiki.com/dumbbells/male/abdominals/dumbbell-plank-pullthrough,https://musclewiki.com/dumbbells/female/abdominals/dumbbell-plank-pullthrough
Dumbbell Half Kneeling Wood Chopper,"Abdominals, Obliques",Dumbbells,Intermediate,https://musclewiki.com/dumbbells/male/abdominals/dumbbell-half-kneeling-wood-chopper,https://musclewiki.com/dumbbells/female/abdominals/dumbbell-half-kneeling-wood-chopper
Dumbbell Hollow Hold,Abdominals,Dumbbells,Advanced,https://musclewiki.com/dumbbells/male/abdominals/dumbbell-hollow-hold,https://musclewiki.com/dumbbells/female/abdominals/dumbbell-hollow-hold
Dumbbell Renegade Row,Abdominals,Dumbbells,Intermediate,https://musclewiki.com/dumbbells/male/abdominals/dumbbell-renegade-row,https://musclewiki.com/dumbbells/female/abdominals/dumbbell-renegade-row
Dumbbell Crunch,Abdominals,Dumbbells,Intermediate,https://musclewiki.com/dumbbells/male/abdominals/dumbbell-crunch,https://musclewiki.com/dumbbells/female/abdominals/dumbbell-crunch
Plank IYTW,"Abdominals, Shoulders",Dumbbells,Intermediate,https://musclewiki.com/dumbbells/male/abdominals/plank-iytw,https://musclewiki.com/dumbbells/female/abdominals/plank-iytw
Pushup to Renegade Row,"Abdominals, Lats, Chest",Dumbbells,Intermediate,https://musclewiki.com/dumbbells/male/abdominals/pushup-to-renegade-row,https://musclewiki.com/dumbbells/female/abdominals/pushup-to-renegade-row
Dumbbell Suitcase Crunch,Abdominals,Dumbbells,Advanced,https://musclewiki.com/dumbbells/male/abdominals/dumbbell-suitcase-crunch,https://musclewiki.com/dumbbells/female/abdominals/dumbbell-suitcase-crunch
Crunches,"Abdominals, Upper Abdominals",Bodyweight,Novice,https://musclewiki.com/bodyweight/male/abdominals/crunches,https://musclewiki.com/bodyweight/female/abdominals/crunches
Laying Leg Raises,"Abdominals, Lower Abdominals",Bodyweight,Novice,https://musclewiki.com/bodyweight/male/abdominals/laying-leg-raises,https://musclewiki.com/bodyweight/female/abdominals/laying-leg-raises
Forearm Plank,Abdominals,Bodyweight,Novice,https://musclewiki.com/bodyweight/male/abdominals/forearm-plank,https://musclewiki.com/bodyweight/female/abdominals/forearm-plank
Hanging Knee Raises,"Abdominals, Lower Abdominals",Bodyweight,Beginner,https://musclewiki.com/bodyweight/male/abdominals/hanging-knee-raises,https://musclewiki.com/bodyweight/female/abdominals/hanging-knee-raises
Bodyweight Russian Twist,"Abdominals, Obliques",Bodyweight,Beginner,https://musclewiki.com/bodyweight/male/abdominals/bodyweight-russian-twist,https://musclewiki.com/bodyweight/female/abdominals/bodyweight-russian-twist
Long Lever Plank,"Abdominals, Lower Abdominals, Upper Abdominals",Bodyweight,Advanced,https://musclewiki.com/bodyweight/male/abdominals/long-lever-plank,https://musclewiki.com/bodyweight/female/abdominals/long-lever-plank
Hand Plank,"Abdominals, Lower Abdominals, Upper Abdominals",Bodyweight,Novice,https://musclewiki.com/bodyweight/male/abdominals/hand-plank,https://musclewiki.com/bodyweight/female/abdominals/hand-plank
Hollow Hold,"Abdominals, Lower Abdominals, Upper Abdominals",Bodyweight,Intermediate,https://musclewiki.com/bodyweight/male/abdominals/hollow-hold,https://musclewiki.com/bodyweight/female/abdominals/hollow-hold
Mountain Climber,"Abdominals, Lower Abdominals",Bodyweight,Novice,https://musclewiki.com/bodyweight/male/abdominals/mountain-climber,https://musclewiki.com/bodyweight/female/abdominals/mountain-climber
Burpee,"Abdominals, Glutes, Quads, Chest",Bodyweight,Intermediate,https://musclewiki.com/bodyweight/male/abdominals/burpee,https://musclewiki.com/bodyweight/female/abdominals/burpee
Bicycle Crunch,"Abdominals, Lower Abdominals, Upper Abdominals",Bodyweight,Beginner,https://musclewiki.com/bodyweight/male/abdominals/bicycle-crunch,https://musclewiki.com/bodyweight/female/abdominals/bicycle-crunch
Bird Dog,Abdominals,Bodyweight,Beginner,https://musclewiki.com/bodyweight/male/abdominals/bird-dog,https://musclewiki.com/bodyweight/female/abdominals/bird-dog
Dead Bug,Abdominals,Bodyweight,Novice,https://musclewiki.com/bodyweight/male/abdominals/dead-bug,https://musclewiki.com/bodyweight/female/abdominals/dead-bug
Long Lever Forearm Plank,"Abdominals, Lower Abdominals, Upper Abdominals",Bodyweight,Advanced,https://musclewiki.com/bodyweight/male/abdominals/long-lever-forearm-plank,https://musclewiki.com/bodyweight/female/abdominals/long-lever-forearm-plank
Situp,"Abdominals, Upper Abdominals",Bodyweight,Novice,https://musclewiki.com/bodyweight/male/abdominals/bodyweight-situp,https://musclewiki.com/bodyweight/female/abdominals/bodyweight-situp
Reverse Crunch,"Abdominals, Lower Abdominals",Bodyweight,Intermediate,https://musclewiki.com/bodyweight/male/abdominals/reverse-crunch,https://musclewiki.com/bodyweight/female/abdominals/reverse-crunch
Bodyweight Knee Plank Up Down,Abdominals,Bodyweight,Novice,https://musclewiki.com/bodyweight/male/abdominals/bodyweight-knee-plank-up-down,https://musclewiki.com/bodyweight/female/abdominals/bodyweight-knee-plank-up-down
Bodyweight Plank Up Down,Abdominals,Bodyweight,Beginner,https://musclewiki.com/bodyweight/male/abdominals/bodyweight-plank-up-down,https://musclewiki.com/bodyweight/female/abdominals/bodyweight-plank-up-down
Plank Saw,Abdominals,Bodyweight,Beginner,https://musclewiki.com/bodyweight/male/abdominals/plank-2-saw,https://musclewiki.com/bodyweight/female/abdominals/plank-2-saw
Alternating Heel Touch,"Abdominals, Obliques",Bodyweight,Novice,https://musclewiki.com/bodyweight/male/abdominals/alternating-heel-touch,https://musclewiki.com/bodyweight/female/abdominals/alternating-heel-touch
Reverse Crunch Kick Up,Abdominals,Bodyweight,Intermediate,https://musclewiki.com/bodyweight/male/abdominals/reverse-crunch-kick-up,https://musclewiki.com/bodyweight/female/abdominals/reverse-crunch-kick-up
Eccentric Dragonflag,Abdominals,Bodyweight,Intermediate,https://musclewiki.com/bodyweight/male/abdominals/eccentric-dragonflag,https://musclewiki.com/bodyweight/female/abdominals/eccentric-dragonflag
Laying Alternating Leg Raise,"Abdominals, Lower Abdominals",Bodyweight,Novice,https://musclewiki.com/bodyweight/male/abdominals/laying-alternating-leg-raise,https://musclewiki.com/bodyweight/female/abdominals/laying-alternating-leg-raise
Laying Bent Leg Raise,"Abdominals, Lower Abdominals",Bodyweight,Novice,https://musclewiki.com/bodyweight/male/abdominals/laying-bent-leg-raise,https://musclewiki.com/bodyweight/female/abdominals/laying-bent-leg-raise
Alternating Bent Leg Raise,Abdominals,Bodyweight,Novice,https://musclewiki.com/bodyweight/male/abdominals/alternating-bent-leg-raise,https://musclewiki.com/bodyweight/female/abdominals/alternating-bent-leg-raise
Scissor Kick,Abdominals,Bodyweight,Novice,https://musclewiki.com/bodyweight/male/abdominals/scissor-kick,https://musclewiki.com/bodyweight/female/abdominals/scissor-kick
Sideways Scissor Kick,Abdominals,Bodyweight,Beginner,https://musclewiki.com/bodyweight/male/abdominals/sideways-scissor-kick,https://musclewiki.com/bodyweight/female/abdominals/sideways-scissor-kick
Reach And Catch,"Abdominals, Obliques",Bodyweight,Novice,https://musclewiki.com/bodyweight/male/abdominals/reach-and-catch,https://musclewiki.com/bodyweight/female/abdominals/reach-and-catch
Frog Crunch,Abdominals,Bodyweight,Beginner,https://musclewiki.com/bodyweight/male/abdominals/frog-crunch,https://musclewiki.com/bodyweight/female/abdominals/frog-crunch
Frog Sit Up,Abdominals,Bodyweight,Beginner,https://musclewiki.com/bodyweight/male/abdominals/frog-sit-up,https://musclewiki.com/bodyweight/female/abdominals/frog-sit-up
Elbow Plank Mountain Climber,Abdominals,Bodyweight,Beginner,https://musclewiki.com/bodyweight/male/abdominals/elbow-plank-mountain-climber,https://musclewiki.com/bodyweight/female/abdominals/elbow-plank-mountain-climber
Slow Tempo Mountain Climber,"Abdominals, Lower Abdominals",Bodyweight,Novice,https://musclewiki.com/bodyweight/male/abdominals/slow-tempo-mountain-climber,https://musclewiki.com/bodyweight/female/abdominals/slow-tempo-mountain-climber
Switch Jump Mountain Climber,Abdominals,Bodyweight,Intermediate,https://musclewiki.com/bodyweight/male/abdominals/switch-jump-mountain-climber,https://musclewiki.com/bodyweight/female/abdominals/switch-jump-mountain-climber
Slalom Mountain Climber,Abdominals,Bodyweight,Intermediate,https://musclewiki.com/bodyweight/male/abdominals/slalom-mountain-climber,https://musclewiki.com/bodyweight/female/abdominals/slalom-mountain-climber
Jumping Mountain Climber,Abdominals,Bodyweight,Beginner,https://musclewiki.com/bodyweight/male/abdominals/jumping-mountain-climber,https://musclewiki.com/bodyweight/female/abdominals/jumping-mountain-climber
Ring Standing Roll Out,Abdominals,Bodyweight,Intermediate,https://musclewiki.com/bodyweight/male/abdominals/ring-standing-roll-out,https://musclewiki.com/bodyweight/female/abdominals/ring-standing-roll-out
Bodyweight Hanging L Sit,"Abdominals, Lower Abdominals",Bodyweight,Beginner,https://musclewiki.com/bodyweight/male/abdominals/bodyweight-hanging-l-sit,https://musclewiki.com/bodyweight/female/abdominals/bodyweight-hanging-l-sit
Bodyweight Hanging Knee Tuck,"Abdominals, Lower Abdominals",Bodyweight,Intermediate,https://musclewiki.com/bodyweight/male/abdominals/bodyweight-hanging-knee-tuck,https://musclewiki.com/bodyweight/female/abdominals/bodyweight-hanging-knee-tuck
Bodyweight Plank Jack,Abdominals,Bodyweight,Beginner,https://musclewiki.com/bodyweight/male/abdominals/bodyweight-plank-jack,https://musclewiki.com/bodyweight/female/abdominals/bodyweight-plank-jack
Bodyweight Plank Arm Lift,"Abdominals, Shoulders",Bodyweight,Beginner,https://musclewiki.com/bodyweight/male/abdominals/bodyweight-plank-arm-lift,https://musclewiki.com/bodyweight/female/abdominals/bodyweight-plank-arm-lift
Hanging L Sit,"Abdominals, Forearms",Bodyweight,Intermediate,https://musclewiki.com/bodyweight/male/abdominals/hanging-l-sit,https://musclewiki.com/bodyweight/female/abdominals/hanging-l-sit
Machine Roll Outs,"Abdominals, Lower Abdominals, Upper Abdominals",Machine,Intermediate,https://musclewiki.com/machine/male/abdominals/machine-roll-outs,https://musclewiki.com/machine/female/abdominals/machine-roll-outs
Rower Knee Tuck,"Abdominals, Lower Abdominals",Machine,Beginner,https://musclewiki.com/machine/male/abdominals/rower-knee-tuck,https://musclewiki.com/machine/female/abdominals/rower-knee-tuck
Rower Pike,"Abdominals, Lower Abdominals",Machine,Intermediate,https://musclewiki.com/machine/male/abdominals/rower-pike,https://musclewiki.com/machine/female/abdominals/rower-pike
Medicine Ball Halo,"Abdominals, Shoulders, Lateral Deltoid, Anterior Deltoid, Posterior Deltoid, Front Shoulders, Rear Shoulders",Medicine-Ball,Beginner,https://musclewiki.com/medicine-ball/male/abdominals/halo,https://musclewiki.com/medicine-ball/female/abdominals/halo
Medicine Ball Partner Situp Toss,"Abdominals, Upper Abdominals",Medicine-Ball,Beginner,https://musclewiki.com/medicine-ball/male/abdominals/partner-situp-toss,https://musclewiki.com/medicine-ball/female/abdominals/partner-situp-toss
Medicine Ball Plank,"Abdominals, Lower Abdominals, Upper Abdominals",Medicine-Ball,Beginner,https://musclewiki.com/medicine-ball/male/abdominals/plank,https://musclewiki.com/medicine-ball/female/abdominals/plank
Medicine Ball Slam,"Abdominals, Upper Abdominals",Medicine-Ball,Beginner,https://musclewiki.com/medicine-ball/male/abdominals/slam,https://musclewiki.com/medicine-ball/female/abdominals/slam
Medicine Ball Hollow Hold,Abdominals,Medicine-Ball,Intermediate,https://musclewiki.com/medicine-ball/male/abdominals/medicine-ball-hollow-hold,https://musclewiki.com/medicine-ball/female/abdominals/medicine-ball-hollow-hold
Medicine Ball Dead Bug,Abdominals,Medicine-Ball,Intermediate,https://musclewiki.com/medicine-ball/male/abdominals/medicine-ball-dead-bug,https://musclewiki.com/medicine-ball/female/abdominals/medicine-ball-dead-bug
Kettlebell Situp,"Abdominals, Upper Abdominals",Kettlebells,Beginner,https://musclewiki.com/kettlebells/male/abdominals/kettlebell-situp,https://musclewiki.com/kettlebells/female/abdominals/kettlebell-situp
Kettlebell Russian Twist,"Abdominals, Obliques",Kettlebells,Novice,https://musclewiki.com/kettlebells/male/abdominals/kettlebell-russian-twist,https://musclewiki.com/kettlebells/female/abdominals/kettlebell-russian-twist
Kettlebell Windmill,"Abdominals, Obliques",Kettlebells,Advanced,https://musclewiki.com/kettlebells/male/abdominals/kettlebell-windmill,https://musclewiki.com/kettlebells/female/abdominals/kettlebell-windmill
Kettlebell Hollow Hold,Abdominals,Kettlebells,Advanced,https://musclewiki.com/kettlebells/male/abdominals/kettlebell-hollow-hold,https://musclewiki.com/kettlebells/female/abdominals/kettlebell-hollow-hold
Kettlebell Front Rack Curtsy Lunge (Double),"Abdominals, Glutes, Gluteus Medius, Quads",Kettlebells,Advanced,https://musclewiki.com/kettlebells/male/abdominals/kettlebell-front-rack-curtsy-lunge-double,https://musclewiki.com/kettlebells/female/abdominals/kettlebell-front-rack-curtsy-lunge-double
Kettlebell Front Rack Forward Lunge (Double),"Abdominals, Glutes, Quads",Kettlebells,Intermediate,https://musclewiki.com/kettlebells/male/abdominals/kettlebell-front-rack-forward-lunge-double,https://musclewiki.com/kettlebells/female/abdominals/kettlebell-front-rack-forward-lunge-double
Kettlebell Front Rack Lateral Lunge (Double),"Abdominals, Glutes, Gluteus Medius, Quads, Inner Quadriceps",Kettlebells,Advanced,https://musclewiki.com/kettlebells/male/abdominals/kettlebell-front-rack-lateral-lunge-double,https://musclewiki.com/kettlebells/female/abdominals/kettlebell-front-rack-lateral-lunge-double
Kettlebell Front Rack Reverse Lunge (Double),"Abdominals, Glutes, Quads",Kettlebells,Intermediate,https://musclewiki.com/kettlebells/male/abdominals/kettlebell-front-rack-reverse-lunge-double,https://musclewiki.com/kettlebells/female/abdominals/kettlebell-front-rack-reverse-lunge-double
Kettlebell Front Rack Single Arm Lateral Lunge,"Abdominals, Glutes, Gluteus Medius, Quads, Inner Quadriceps",Kettlebells,Intermediate,https://musclewiki.com/kettlebells/male/abdominals/kettlebell-front-rack-single-arm-lateral-lunge,https://musclewiki.com/kettlebells/female/abdominals/kettlebell-front-rack-single-arm-lateral-lunge
Kettlebell Front Rack Squat,"Abdominals, Glutes, Quads",Kettlebells,Beginner,https://musclewiki.com/kettlebells/male/abdominals/kettlebell-front-rack-squat,https://musclewiki.com/kettlebells/female/abdominals/kettlebell-front-rack-squat
Kettlebell Single Arm Front Rack Forward Lunge,"Abdominals, Glutes, Quads",Kettlebells,Intermediate,https://musclewiki.com/kettlebells/male/abdominals/kettlebells-single-arm-front-rack-forward-lunge,https://musclewiki.com/kettlebells/female/abdominals/kettlebells-single-arm-front-rack-forward-lunge
Kettlebell Single Arm Front Rack Step Up,"Abdominals, Glutes, Quads",Kettlebells,Advanced,https://musclewiki.com/kettlebells/male/abdominals/kettlebell-single-arm-front-rack-step-up,https://musclewiki.com/kettlebells/female/abdominals/kettlebell-single-arm-front-rack-step-up
Kettlebell Front Rack Step Up,"Abdominals, Glutes, Quads",Kettlebells,Advanced,https://musclewiki.com/kettlebells/male/abdominals/kettlebell-front-rack-step-up,https://musclewiki.com/kettlebells/female/abdominals/kettlebell-front-rack-step-up
Kettlebell Windmill Bottom Hand,"Abdominals, Obliques",Kettlebells,Intermediate,https://musclewiki.com/kettlebells/male/abdominals/kettlebell-windmill-bottom-hand,https://musclewiki.com/kettlebells/female/abdominals/kettlebell-windmill-bottom-hand
Abdominals Stretch Variation Four,Abdominals,Stretches,Beginner,https://musclewiki.com/stretches/male/abdominals/abdominals-stretch-variation-four,https://musclewiki.com/stretches/female/abdominals/abdominals-stretch-variation-four
Abdominals Stretch Variation Three,"Abdominals, Obliques",Stretches,Novice,https://musclewiki.com/stretches/male/abdominals/abdominals-stretch-variation-three,https://musclewiki.com/stretches/female/abdominals/abdominals-stretch-variation-three
Abdominals Stretch Variation Two,"Abdominals, Obliques",Stretches,Novice,https://musclewiki.com/stretches/male/abdominals/abdominals-stretch-variation-two,https://musclewiki.com/stretches/female/abdominals/abdominals-stretch-variation-two
Abdominals Stretch Variation One,Abdominals,Stretches,Novice,https://musclewiki.com/stretches/male/abdominals/abdominals-stretch-variation-one,https://musclewiki.com/stretches/female/abdominals/abdominals-stretch-variation-one
Cable Standing Crunch,Abdominals,Cables,Advanced,https://musclewiki.com/cables/male/abdominals/cable-standing-crunch,https://musclewiki.com/cables/female/abdominals/cable-standing-crunch
Cable Row Bar Kneeling Crunch,"Abdominals, Upper Abdominals",Cables,Beginner,https://musclewiki.com/cables/male/abdominals/cable-row-bar-kneeling-crunch,https://musclewiki.com/cables/female/abdominals/cable-row-bar-kneeling-crunch
Cable Rope Kneeling Oblique Crunch,"Abdominals, Upper Abdominals",Cables,Beginner,https://musclewiki.com/cables/male/abdominals/cable-rope-kneeling-oblique-crunch,https://musclewiki.com/cables/female/abdominals/cable-rope-kneeling-oblique-crunch
Cable Rope Kneeling Crunch,"Abdominals, Upper Abdominals",Cables,Beginner,https://musclewiki.com/cables/male/abdominals/cable-rope-kneeling-crunch,https://musclewiki.com/cables/female/abdominals/cable-rope-kneeling-crunch
Band Crunch,Abdominals,Band,Intermediate,https://musclewiki.com/band/male/abdominals/band-crunch,https://musclewiki.com/band/female/abdominals/band-crunch
Plate Overhead Carry,"Abdominals, Shoulders, Lateral Deltoid, Anterior Deltoid, Traps, Front Shoulders",Plate,Beginner,https://musclewiki.com/plate/male/abdominals/plate-overhead-carry,https://musclewiki.com/plate/female/abdominals/plate-overhead-carry
Plate Russian Twist,"Abdominals, Obliques",Plate,Intermediate,https://musclewiki.com/plate/male/abdominals/plate-russian-twist,https://musclewiki.com/plate/female/abdominals/plate-russian-twist
Plate Situp,Abdominals,Plate,Beginner,https://musclewiki.com/plate/male/abdominals/plate-situp,https://musclewiki.com/plate/female/abdominals/plate-situp
Weighted Forearm Plank,Abdominals,Plate,Intermediate,https://musclewiki.com/plate/male/abdominals/weighted-forearm-plank,https://musclewiki.com/plate/female/abdominals/weighted-forearm-plank
Weighted Hand Plank,Abdominals,Plate,Intermediate,https://musclewiki.com/plate/male/abdominals/weighted-hand-plank,https://musclewiki.com/plate/female/abdominals/weighted-hand-plank
Plate Hollow Hold,Abdominals,Plate,Advanced,https://musclewiki.com/plate/male/abdominals/plate-hollow-hold,https://musclewiki.com/plate/female/abdominals/plate-hollow-hold
Weighted Plank Up Down,Abdominals,Plate,Beginner,https://musclewiki.com/plate/male/abdominals/weighted-plank-up-down,https://musclewiki.com/plate/female/abdominals/weighted-plank-up-down
TRX Forearm Plank,Abdominals,TRX,Beginner,https://musclewiki.com/trx/male/abdominals/trx-forearm-plank,https://musclewiki.com/trx/female/abdominals/trx-forearm-plank
TRX Hand Plank,Abdominals,TRX,Intermediate,https://musclewiki.com/trx/male/abdominals/trx-hand-plank,https://musclewiki.com/trx/female/abdominals/trx-hand-plank
TRX Kneeling Ab Rollout,"Abdominals, Lats",TRX,Intermediate,https://musclewiki.com/trx/male/abdominals/trx-kneeling-ab-rollout,https://musclewiki.com/trx/female/abdominals/trx-kneeling-ab-rollout
TRX Knee Tuck,"Abdominals, Lower Abdominals",TRX,Beginner,https://musclewiki.com/trx/male/abdominals/trx-knee-tuck,https://musclewiki.com/trx/female/abdominals/trx-knee-tuck
TRX Mountain Climber,"Abdominals, Lower Abdominals",TRX,Beginner,https://musclewiki.com/trx/male/abdominals/trx-mountain-climber,https://musclewiki.com/trx/female/abdominals/trx-mountain-climber
TRX Pike,"Abdominals, Lower Abdominals",TRX,Intermediate,https://musclewiki.com/trx/male/abdominals/trx-pike,https://musclewiki.com/trx/female/abdominals/trx-pike
Urdhva Dhanurasana Wheel Pose,Abdominals,Yoga,Beginner,https://musclewiki.com/yoga/male/abdominals/urdhva-dhanurasana-wheel-pose,https://musclewiki.com/yoga/female/abdominals/urdhva-dhanurasana-wheel-pose
Bosu Ball Forearm Plank,Abdominals,Bosu-Ball,Beginner,https://musclewiki.com/bosu-ball/male/abdominals/bosu-ball-forearm-plank,https://musclewiki.com/bosu-ball/female/abdominals/bosu-ball-forearm-plank
Bosu Ball Hand Plank,Abdominals,Bosu-Ball,Beginner,https://musclewiki.com/bosu-ball/male/abdominals/bosu-ball-hand-plank,https://musclewiki.com/bosu-ball/female/abdominals/bosu-ball-hand-plank
Bosu Ball Plank Glute Kickback,"Abdominals, Glutes",Bosu-Ball,Intermediate,https://musclewiki.com/bosu-ball/male/abdominals/plank-glute-kickback,https://musclewiki.com/bosu-ball/female/abdominals/plank-glute-kickback
Bosu Ball Situp,"Abdominals, Upper Abdominals",Bosu-Ball,Beginner,https://musclewiki.com/bosu-ball/male/abdominals/situp,https://musclewiki.com/bosu-ball/female/abdominals/situp
Bosu Ball Toe Tap,"Abdominals, Lower Abdominals",Bosu-Ball,Beginner,https://musclewiki.com/bosu-ball/male/abdominals/toe-tap,https://musclewiki.com/bosu-ball/female/abdominals/toe-tap
Bosu Ball Up And Over,"Abdominals, Lower Abdominals",Bosu-Ball,Beginner,https://musclewiki.com/bosu-ball/male/abdominals/up-and-over,https://musclewiki.com/bosu-ball/female/abdominals/up-and-over
Bosu Ball Walkover Pushup,"Abdominals, Triceps, Chest",Bosu-Ball,Intermediate,https://musclewiki.com/bosu-ball/male/abdominals/bosu-ball-walkover-pushup,https://musclewiki.com/bosu-ball/female/abdominals/bosu-ball-walkover-pushup
Vitruvian Crunch,Abdominals,Vitruvian,Beginner,https://musclewiki.com/vitruvian/male/abdominals/crunch,https://musclewiki.com/vitruvian/female/abdominals/crunch
Toe Tap,"Abdominals, Lower Abdominals",Cardio,Novice,https://musclewiki.com/cardio/male/abdominals/toe-tap,https://musclewiki.com/cardio/female/abdominals/toe-tap
Cardio Forward Scissor,"Abdominals, Lower Abdominals, Glutes, Quads, Rectus Femoris",Cardio,Beginner,https://musclewiki.com/cardio/male/abdominals/cardio-forward-scissor,https://musclewiki.com/cardio/female/abdominals/cardio-forward-scissor
Cardio In And Out Forward,"Abdominals, Lower Abdominals, Glutes, Quads, Rectus Femoris",Cardio,Beginner,https://musclewiki.com/cardio/male/abdominals/cardio-in-and-out-forward,https://musclewiki.com/cardio/female/abdominals/cardio-in-and-out-forward
Cardio Ski Erg,"Abdominals, Lats, Triceps",Cardio,Beginner,https://musclewiki.com/cardio/male/abdominals/cardio-ski-erg,https://musclewiki.com/cardio/female/abdominals/cardio-ski-erg
Smith Machine Hanging Knee Tuck,"Abdominals, Lower Abdominals",Smith-Machine,Beginner,https://musclewiki.com/smith-machine/male/abdominals/smith-machine-hanging-knee-tuck,https://musclewiki.com/smith-machine/female/abdominals/smith-machine-hanging-knee-tuck
Smith Machine Reverse Crunch Hip Raise,"Abdominals, Lower Abdominals",Smith-Machine,Intermediate,https://musclewiki.com/smith-machine/male/abdominals/smith-machine-reverse-crunch-hip-raise,https://musclewiki.com/smith-machine/female/abdominals/smith-machine-reverse-crunch-hip-raise
Smith Machine Situp,"Abdominals, Upper Abdominals",Smith-Machine,Beginner,https://musclewiki.com/smith-machine/male/abdominals/smith-machine-situp,https://musclewiki.com/smith-machine/female/abdominals/smith-machine-situp
Core Stability Regression Crosslateral Limb Raise Push Up Position,"Abdominals, Glutes, Shoulders, Anterior Deltoid, Obliques, Front Shoulders",Recovery,Advanced,https://musclewiki.com/recovery/male/abdominals/core-stability-regression-crosslateral-limb-raise-push-up-position,https://musclewiki.com/recovery/female/abdominals/core-stability-regression-crosslateral-limb-raise-push-up-position
Bosu Serratus Activation Active Plank,"Abdominals, Chest",Recovery,Novice,https://musclewiki.com/recovery/male/shoulders/bosu-serratus-activation-active-plank,https://musclewiki.com/recovery/female/shoulders/bosu-serratus-activation-active-plank
Serratus Activation Active Plank,"Abdominals, Chest",Recovery,Novice,https://musclewiki.com/recovery/male/abdominals/serratus-activation-active-plank,https://musclewiki.com/recovery/female/abdominals/serratus-activation-active-plank
Dead Bugs Same Side,"Abdominals, Obliques",Recovery,Beginner,https://musclewiki.com/recovery/male/abdominals/dead-bugs-same-side,https://musclewiki.com/recovery/female/abdominals/dead-bugs-same-side
Dead Bugs Cross Lateral,"Abdominals, Obliques",Recovery,Beginner,https://musclewiki.com/recovery/male/abdominals/dead-bugs-cross-lateral,https://musclewiki.com/recovery/female/abdominals/dead-bugs-cross-lateral
Core Stability 5 Crosslateral Limb Raise Into Knee Elbow Tuck Push Up Position,"Abdominals, Glutes, Shoulders, Anterior Deltoid, Obliques, Front Shoulders",Recovery,Advanced,https://musclewiki.com/recovery/male/abdominals/core-stability-5-crosslateral-limb-raise-into-knee-elbow-tuck-push-up-position,https://musclewiki.com/recovery/female/abdominals/core-stability-5-crosslateral-limb-raise-into-knee-elbow-tuck-push-up-position
Core Stability 4 Crosslateral Limb Raise Push Up Position,"Abdominals, Glutes, Shoulders, Anterior Deltoid, Obliques, Front Shoulders",Recovery,Advanced,https://musclewiki.com/recovery/male/abdominals/core-stability-4-crosslateral-limb-raise-push-up-position,https://musclewiki.com/recovery/female/abdominals/core-stability-4-crosslateral-limb-raise-push-up-position
Core Stability 1 Crosslateral Limb Raise 4Pt Position,"Abdominals, Glutes, Shoulders, Anterior Deltoid, Obliques, Front Shoulders",Recovery,Beginner,https://musclewiki.com/recovery/male/abdominals/core-stability-1-crosslateral-limb-raise-4pt-position,https://musclewiki.com/recovery/female/abdominals/core-stability-1-crosslateral-limb-raise-4pt-position
Leg Lowers,"Abdominals, Lower Abdominals",Recovery,Novice,https://musclewiki.com/recovery/male/abdominals/leg-lowers,https://musclewiki.com/recovery/female/abdominals/leg-lowers
Lower Abdominals,,,,,
Barbell Larsen Bench Press,"Abdominals, Lower Abdominals, Triceps, Chest",Barbell,Advanced,https://musclewiki.com/barbell/male/abdominals/barbell-larsen-bench-press,https://musclewiki.com/barbell/female/abdominals/barbell-larsen-bench-press
Bench Lift Off Active,"Lower Abdominals, Lower Traps",Recovery,Intermediate,https://musclewiki.com/recovery/male/lower-abdominals/bench-lift-off-active,https://musclewiki.com/recovery/female/lower-abdominals/bench-lift-off-active
Bench Lift Off Static,"Lower Abdominals, Quads",Recovery,Intermediate,https://musclewiki.com/recovery/male/lower-abdominals/bench-lift-off-static,https://musclewiki.com/recovery/female/lower-abdominals/bench-lift-off-static
Upper Abdominals,,,,,
Barbell Situp,"Abdominals, Upper Abdominals","Barbell, Intermediate",Intermediate,"https://musclewiki.com/barbell/male/abdominals/barbell-situp, Male|Female","https://musclewiki.com/barbell/female/abdominals/barbell-situp, Barbell"
Calves,,,,,
Barbell Calf Jump,"Calves, Tibialis, Gastrocnemius","Barbell, Advanced",Advanced,"https://musclewiki.com/barbell/male/calves/barbell-calf-jump, Male|Female","https://musclewiki.com/barbell/female/calves/barbell-calf-jump, Barbell"
Barbell Seated Calf Raise,"Calves, Tibialis",Barbell,Beginner,https://musclewiki.com/barbell/male/calves/barbell-seated-calf-raise,https://musclewiki.com/barbell/female/calves/barbell-seated-calf-raise
Barbell Toes Up Calf Raise,Calves,Barbell,Beginner,https://musclewiki.com/barbell/male/calves/barbell-toes-up-calf-raise,https://musclewiki.com/barbell/female/calves/barbell-toes-up-calf-raise
Landmine Calf Raise,Calves,Barbell,Intermediate,https://musclewiki.com/barbell/male/calves/landmine-calf-raise,https://musclewiki.com/barbell/female/calves/landmine-calf-raise
Dumbbell Calf Raise,"Calves, Gastrocnemius",Dumbbells,Novice,https://musclewiki.com/dumbbells/male/calves/dumbbell-calf-raise,https://musclewiki.com/dumbbells/female/calves/dumbbell-calf-raise
Dumbbell Seated Calf Raise,"Calves, Tibialis",Dumbbells,Novice,https://musclewiki.com/dumbbells/male/calves/dumbbell-seated-calf-raise,https://musclewiki.com/dumbbells/female/calves/dumbbell-seated-calf-raise
Tip Toe Walking,Calves,Bodyweight,Novice,https://musclewiki.com/bodyweight/male/calves/tip-toe-walking,https://musclewiki.com/bodyweight/female/calves/tip-toe-walking
Calf Raises,"Calves, Gastrocnemius",Bodyweight,Novice,https://musclewiki.com/bodyweight/male/calves/calf-raises,https://musclewiki.com/bodyweight/female/calves/calf-raises
Walking Calf Raises,"Calves, Gastrocnemius",Bodyweight,Novice,https://musclewiki.com/bodyweight/male/calves/walking-calf-raises,https://musclewiki.com/bodyweight/female/calves/walking-calf-raises
Bodyweight Donkey Calf Raise,Calves,Bodyweight,Novice,https://musclewiki.com/bodyweight/male/calves/bodyweight-donkey-calf-raise,https://musclewiki.com/bodyweight/female/calves/bodyweight-donkey-calf-raise
Machine Standing Calf Raises,"Calves, Gastrocnemius",Machine,Novice,https://musclewiki.com/machine/male/calves/machine-standing-calf-raises,https://musclewiki.com/machine/female/calves/machine-standing-calf-raises
Machine Seated Calf Raises,"Calves, Tibialis",Machine,Novice,https://musclewiki.com/machine/male/calves/machine-seated-calf-raises,https://musclewiki.com/machine/female/calves/machine-seated-calf-raises
Machine Horizontal Leg Press Calf Jump,Calves,Machine,Beginner,https://musclewiki.com/machine/male/calves/machine-horizontal-leg-press-calf-jump,https://musclewiki.com/machine/female/calves/machine-horizontal-leg-press-calf-jump
Machine Horizontal Leg Press Calf Raise,"Calves, Gastrocnemius",Machine,Beginner,https://musclewiki.com/machine/male/calves/machine-horizontal-leg-press-calf-raise,https://musclewiki.com/machine/female/calves/machine-horizontal-leg-press-calf-raise
Kettlebell Single Leg Calf Raise,"Calves, Gastrocnemius",Kettlebells,Beginner,https://musclewiki.com/kettlebells/male/calves/kettlebell-single-leg-calf-raise,https://musclewiki.com/kettlebells/female/calves/kettlebell-single-leg-calf-raise
Kettlebell Calf Raise,Calves,Kettlebells,Novice,https://musclewiki.com/kettlebells/male/calves/kettlebell-calf-raise,https://musclewiki.com/kettlebells/female/calves/kettlebell-calf-raise
Kettlebell Seated Calf Raise,"Calves, Tibialis",Kettlebells,Novice,https://musclewiki.com/kettlebells/male/calves/kettlebell-seated-calf-raise,https://musclewiki.com/kettlebells/female/calves/kettlebell-seated-calf-raise
Kettlebell Single Arm Calf Raise,"Calves, Gastrocnemius",Kettlebells,Novice,https://musclewiki.com/kettlebells/male/calves/kettlebell-single-arm-calf-raise,https://musclewiki.com/kettlebells/female/calves/kettlebell-single-arm-calf-raise
Kettlebell Goblet Calf Raise,Calves,Kettlebells,Novice,https://musclewiki.com/kettlebells/male/calves/kettlebell-goblet-calf-raise,https://musclewiki.com/kettlebells/female/calves/kettlebell-goblet-calf-raise
Kettlebell Single Leg Single Arm Calf Raise,"Calves, Gastrocnemius",Kettlebells,Beginner,https://musclewiki.com/kettlebells/male/calves/kettlebell-single-leg-single-arm-calf-raise,https://musclewiki.com/kettlebells/female/calves/kettlebell-single-leg-single-arm-calf-raise
Kettlebell Seated Calf Raise Double,"Calves, Tibialis",Kettlebells,Novice,https://musclewiki.com/kettlebells/male/calves/kettlebell-seated-calf-raise-double,https://musclewiki.com/kettlebells/female/calves/kettlebell-seated-calf-raise-double
Calves Stretch Variation Three,Calves,Stretches,Beginner,https://musclewiki.com/stretches/male/calves/calves-stretch-variation-three,https://musclewiki.com/stretches/female/calves/calves-stretch-variation-three
Calves Stretch Variation Two,Calves,Stretches,Beginner,https://musclewiki.com/stretches/male/calves/calves-stretch-variation-two,https://musclewiki.com/stretches/female/calves/calves-stretch-variation-two
Calves Stretch Variation One,Calves,Stretches,Beginner,https://musclewiki.com/stretches/male/calves/calves-stretch-variation-one,https://musclewiki.com/stretches/female/calves/calves-stretch-variation-one
Cable Calve Raise,Calves,Cables,Beginner,https://musclewiki.com/cables/male/calves/cable-calve-raise,https://musclewiki.com/cables/female/calves/cable-calve-raise
Cable Bar Calve Raise,Calves,Cables,Novice,https://musclewiki.com/cables/male/calves/cable-bar-calve-raise,https://musclewiki.com/cables/female/calves/cable-bar-calve-raise
Band Calf Raise,Calves,Band,Novice,https://musclewiki.com/band/male/calves/band-calf-raise,https://musclewiki.com/band/female/calves/band-calf-raise
TRX Calf Raise,Calves,TRX,Novice,https://musclewiki.com/trx/male/calves/trx-calf-raise,https://musclewiki.com/trx/female/calves/trx-calf-raise
Downward Dog Toe To Heel,Calves,Yoga,Beginner,https://musclewiki.com/yoga/male/calves/downward-dog-toe-to-heel,https://musclewiki.com/yoga/female/calves/downward-dog-toe-to-heel
Pyramid Pose Calf Blocks,Calves,Yoga,Beginner,https://musclewiki.com/yoga/male/calves/pyramid-pose-calf-blocks,https://musclewiki.com/yoga/female/calves/pyramid-pose-calf-blocks
Walk Your Downward Dog,Calves,Yoga,Beginner,https://musclewiki.com/yoga/male/calves/walk-your-downward-dog,https://musclewiki.com/yoga/female/calves/walk-your-downward-dog
Bosu Ball Calf Raise,Calves,Bosu-Ball,Beginner,https://musclewiki.com/bosu-ball/male/calves/calf-raise,https://musclewiki.com/bosu-ball/female/calves/calf-raise
Vitruvian Seated Calf Raise,Calves,Vitruvian,Beginner,https://musclewiki.com/vitruvian/male/calves/seated-calf-raise,https://musclewiki.com/vitruvian/female/calves/seated-calf-raise
Vitruvian Standing Calf Raise,Calves,Vitruvian,Beginner,https://musclewiki.com/vitruvian/male/calves/standing-calf-raise,https://musclewiki.com/vitruvian/female/calves/standing-calf-raise
Cardio Box Quick Feet,Calves,Cardio,Intermediate,https://musclewiki.com/cardio/male/calves/cardio-box-quick-feet,https://musclewiki.com/cardio/female/calves/cardio-box-quick-feet
Cardio Criss Cross Jacks,"Calves, Glutes, Gluteus Medius, Shoulders, Lateral Deltoid, Anterior Deltoid, Front Shoulders",Cardio,Beginner,https://musclewiki.com/cardio/male/calves/cardio-criss-cross-jacks,https://musclewiki.com/cardio/female/calves/cardio-criss-cross-jacks
Cardio Diamond Hop,Calves,Cardio,Intermediate,https://musclewiki.com/cardio/male/calves/cardio-diamond-hop,https://musclewiki.com/cardio/female/calves/cardio-diamond-hop
Cardio Figure Eight Sprint,"Calves, Glutes, Hamstrings, Quads",Cardio,Intermediate,https://musclewiki.com/cardio/male/calves/cardio-figure-eight-sprint,https://musclewiki.com/cardio/female/calves/cardio-figure-eight-sprint
Cardio In And Outs,"Calves, Glutes, Gluteus Medius",Cardio,Intermediate,https://musclewiki.com/cardio/male/calves/cardio-in-and-outs,https://musclewiki.com/cardio/female/calves/cardio-in-and-outs
Cardio In In Out Out Shuffle,"Calves, Glutes, Gluteus Medius",Cardio,Beginner,https://musclewiki.com/cardio/male/calves/cardio-in-in-out-out-shuffle,https://musclewiki.com/cardio/female/calves/cardio-in-in-out-out-shuffle
Cardio Knee Taps,"Calves, Hamstrings, Quads",Cardio,Beginner,https://musclewiki.com/cardio/male/calves/cardio-knee-taps,https://musclewiki.com/cardio/female/calves/cardio-knee-taps
Cardio Lateral Quick Feet,"Calves, Glutes, Quads",Cardio,Beginner,https://musclewiki.com/cardio/male/calves/cardio-lateral-quick-feet,https://musclewiki.com/cardio/female/calves/cardio-lateral-quick-feet
Cardio Lateral Shuffle,"Calves, Glutes, Quads",Cardio,Beginner,https://musclewiki.com/cardio/male/calves/cardio-lateral-shuffle,https://musclewiki.com/cardio/female/calves/cardio-lateral-shuffle
Cardio Long Jump,"Calves, Glutes, Quads",Cardio,Intermediate,https://musclewiki.com/cardio/male/calves/cardio-long-jump,https://musclewiki.com/cardio/female/calves/cardio-long-jump
Cardio Long Jump Shuffle Back,"Calves, Glutes, Quads",Cardio,Intermediate,https://musclewiki.com/cardio/male/calves/cardio-long-jump-shuffle-back,https://musclewiki.com/cardio/female/calves/cardio-long-jump-shuffle-back
Cardio Quick Feet,Calves,Cardio,Beginner,https://musclewiki.com/cardio/male/calves/cardio-quick-feet,https://musclewiki.com/cardio/female/calves/cardio-quick-feet
Cardio Seal Jacks,"Calves, Gluteus Medius, Front Shoulders, Rear Shoulders",Cardio,Beginner,https://musclewiki.com/cardio/male/calves/cardio-seal-jacks,https://musclewiki.com/cardio/female/calves/cardio-seal-jacks
Cardio Shuttle Sprint,"Calves, Glutes, Quads",Cardio,Beginner,https://musclewiki.com/cardio/male/calves/cardio-shuttle-sprint,https://musclewiki.com/cardio/female/calves/cardio-shuttle-sprint
Cardio Single Leg Forward Hop,Calves,Cardio,Beginner,https://musclewiki.com/cardio/male/calves/cardio-single-leg-forward-hop,https://musclewiki.com/cardio/female/calves/cardio-single-leg-forward-hop
Cardio Single Leg Lateral Hop,Calves,Cardio,Beginner,https://musclewiki.com/cardio/male/calves/cardio-single-leg-lateral-hop,https://musclewiki.com/cardio/female/calves/cardio-single-leg-lateral-hop
Cardio Skater To Single Leg Burpee,"Calves, Glutes, Chest",Cardio,Advanced,https://musclewiki.com/cardio/male/calves/cardio-skater-to-single-leg-burpee,https://musclewiki.com/cardio/female/calves/cardio-skater-to-single-leg-burpee
Cardio Sprint In Place,"Calves, Glutes, Quads",Cardio,Beginner,https://musclewiki.com/cardio/male/calves/cardio-sprint-in-place,https://musclewiki.com/cardio/female/calves/cardio-sprint-in-place
Cardio Three Step Heismans,"Calves, Glutes, Hamstrings, Quads",Cardio,Beginner,https://musclewiki.com/cardio/male/calves/cardio-three-step-heismans,https://musclewiki.com/cardio/female/calves/cardio-three-step-heismans
Treadmill Jog,"Calves, Glutes, Hamstrings, Quads",Cardio,Novice,https://musclewiki.com/cardio/male/calves/treadmill-jog,https://musclewiki.com/cardio/female/calves/treadmill-jog
Treadmill Sprint,"Calves, Glutes, Hamstrings, Quads",Cardio,Beginner,https://musclewiki.com/cardio/male/calves/treadmill-sprint,https://musclewiki.com/cardio/female/calves/treadmill-sprint
Treadmill Walk,"Calves, Glutes, Hamstrings, Quads",Cardio,Novice,https://musclewiki.com/cardio/male/calves/treadmill-walk,https://musclewiki.com/cardio/female/calves/treadmill-walk
Jump Rope,Calves,Cardio,Beginner,https://musclewiki.com/cardio/male/calves/jump-rope,https://musclewiki.com/cardio/female/calves/jump-rope
Smith Machine Seated Calf Raise,"Calves, Tibialis",Smith-Machine,Novice,https://musclewiki.com/smith-machine/male/calves/smith-machine-seated-calf-raise,https://musclewiki.com/smith-machine/female/calves/smith-machine-seated-calf-raise
Smith Machine Calf Raise,"Calves, Gastrocnemius",Smith-Machine,Novice,https://musclewiki.com/smith-machine/male/calves/smith-machine-calf-raise,https://musclewiki.com/smith-machine/female/calves/smith-machine-calf-raise
Gastrocnemius Stretch Push Up Position,"Calves, Gastrocnemius",Recovery,Beginner,https://musclewiki.com/recovery/male/calves/gastrocnemius-stretch-push-up-position,https://musclewiki.com/recovery/female/calves/gastrocnemius-stretch-push-up-position
Calf Stretch On Box Bilateral,Calves,Recovery,Beginner,https://musclewiki.com/recovery/male/calves/calf-stretch-on-box-bilateral,https://musclewiki.com/recovery/female/calves/calf-stretch-on-box-bilateral
Calf Raise Isometric Unilateral,Calves,Recovery,Beginner,https://musclewiki.com/recovery/male/calves/calf-raise-isometric-unilateral,https://musclewiki.com/recovery/female/calves/calf-raise-isometric-unilateral
Soleus Stretch,"Calves, Tibialis",Recovery,Beginner,https://musclewiki.com/recovery/male/calves/soleus-stretch-static,https://musclewiki.com/recovery/female/calves/soleus-stretch-static
Seated Plantar Flexions,Calves,Recovery,Beginner,https://musclewiki.com/recovery/male/calves/plantar-flexions-seated-resisted,https://musclewiki.com/recovery/female/calves/plantar-flexions-seated-resisted
Gastrocnemius Stretch Unilateral On Box,"Calves, Gastrocnemius",Recovery,Beginner,https://musclewiki.com/recovery/male/calves/gastrocnemius-stretch-unilateral-on-box,https://musclewiki.com/recovery/female/calves/gastrocnemius-stretch-unilateral-on-box
Gastrocnemius Stretch Unilateral On Wall,"Calves, Gastrocnemius",Recovery,Beginner,https://musclewiki.com/recovery/male/calves/gastrocnemius-stretch-unilateral-on-wall,https://musclewiki.com/recovery/female/calves/gastrocnemius-stretch-unilateral-on-wall
Gastrocnemius Stretch Bilateral On Box,"Calves, Gastrocnemius",Recovery,Beginner,https://musclewiki.com/recovery/male/calves/gastrocnemius-stretch-bilateral-on-box,https://musclewiki.com/recovery/female/calves/gastrocnemius-stretch-bilateral-on-box
Calf Raise 3B Soleus Bias Unilateral,"Calves, Tibialis",Recovery,Beginner,https://musclewiki.com/recovery/male/calves/calf-raise-3b-soleus-bias-unilateral,https://musclewiki.com/recovery/female/calves/calf-raise-3b-soleus-bias-unilateral
Calf Raise 3A Soleus Bias Bilateral,"Calves, Tibialis",Recovery,Beginner,https://musclewiki.com/recovery/male/calves/calf-raise-3a-soleus-bias-bilateral,https://musclewiki.com/recovery/female/calves/calf-raise-3a-soleus-bias-bilateral
Calf Raise 2D Unilateral From Box,Calves,Recovery,Beginner,https://musclewiki.com/recovery/male/calves/calf-raise-2d-unilateral-from-box,https://musclewiki.com/recovery/female/calves/calf-raise-2d-unilateral-from-box
Calf Raise 2C Eccentric Unilateral From Box,Calves,Recovery,Beginner,https://musclewiki.com/recovery/male/calves/calf-raise-2c-eccentric-unilateral-from-box,https://musclewiki.com/recovery/female/calves/calf-raise-2c-eccentric-unilateral-from-box
Calf Raise 2B Unilateral Floor,Calves,Recovery,Beginner,https://musclewiki.com/recovery/male/calves/calf-raise-2b-unilateral-floor,https://musclewiki.com/recovery/female/calves/calf-raise-2b-unilateral-floor
Calf Raise 2A Eccentric Unilateral Floor,Calves,Recovery,Beginner,https://musclewiki.com/recovery/male/calves/calf-raise-2a-eccentric-unilateral-floor,https://musclewiki.com/recovery/female/calves/calf-raise-2a-eccentric-unilateral-floor
Calf Raise 1E Bilateral Isometric Floor,Calves,Recovery,Beginner,https://musclewiki.com/recovery/male/calves/calf-raise-1e-bilateral-isometric-floor,https://musclewiki.com/recovery/female/calves/calf-raise-1e-bilateral-isometric-floor
Calf Raise 1D Bilateral From Box,Calves,Recovery,Beginner,https://musclewiki.com/recovery/male/calves/calf-raise-1d-bilateral-from-box,https://musclewiki.com/recovery/female/calves/calf-raise-1d-bilateral-from-box
Calf Raise 1C Bilateral Eccentric From Box,Calves,Recovery,Beginner,https://musclewiki.com/recovery/male/calves/calf-raise-1c-bilateral-eccentric-from-box,https://musclewiki.com/recovery/female/calves/calf-raise-1c-bilateral-eccentric-from-box
Calf Raise 1B Bilateral Floor,Calves,Recovery,Beginner,https://musclewiki.com/recovery/male/calves/calf-raise-1b-bilateral-floor,https://musclewiki.com/recovery/female/calves/calf-raise-1b-bilateral-floor
Calf Raise 1A Bilateral Eccentric Floor,Calves,Recovery,Beginner,https://musclewiki.com/recovery/male/calves/calf-raise-1a-bilateral-eccentric-floor,https://musclewiki.com/recovery/female/calves/calf-raise-1a-bilateral-eccentric-floor
Calf Mobilisation Seated Floor Roll,Calves,Recovery,Beginner,https://musclewiki.com/recovery/male/calves/calf-mobilisation-seated-floor-roll,https://musclewiki.com/recovery/female/calves/calf-mobilisation-seated-floor-roll
Calf Isometric On Step,Calves,Recovery,Novice,https://musclewiki.com/recovery/male/calves/calf-isometric-on-step,https://musclewiki.com/recovery/female/calves/calf-isometric-on-step
Ankle Circle,Calves,Recovery,Novice,https://musclewiki.com/recovery/male/ankles/ankle-circle,https://musclewiki.com/recovery/female/ankles/ankle-circle
Tibialis,,,,,
Standing Tibialis Raise,Tibialis,Beginner,,Male|Female,Barbell
Dumbbell Seated Tibialis Raise,Tibialis,Dumbbells,Novice,https://musclewiki.com/dumbbells/male/tibialis/dumbbell-seated-tibialis-raise,https://musclewiki.com/dumbbells/female/tibialis/dumbbell-seated-tibialis-raise
Dumbbell Standing Tibialis Raise,Tibialis,Dumbbells,Beginner,https://musclewiki.com/dumbbells/male/tibialis/dumbbell-standing-tibialis-raise,https://musclewiki.com/dumbbells/female/tibialis/dumbbell-standing-tibialis-raise
Seated Tibialis Raise,Tibialis,Bodyweight,Novice,https://musclewiki.com/bodyweight/male/tibialis/seated-tibialis-raise,https://musclewiki.com/bodyweight/female/tibialis/seated-tibialis-raise
Dorsal Flexion Hold,Tibialis,Recovery,Novice,https://musclewiki.com/recovery/male/ankles/dorsal-flexion-hold,https://musclewiki.com/recovery/female/ankles/dorsal-flexion-hold
Wall Supported Dorsal Flexion,Tibialis,Recovery,Novice,https://musclewiki.com/recovery/male/tibialis/wall-supported-dorsal-flexion,https://musclewiki.com/recovery/female/tibialis/wall-supported-dorsal-flexion
Soleus,Tibialis,,,,
Barbell Calf Jump,"Calves, Tibialis, Gastrocnemius","Barbell, Advanced",Advanced,"https://musclewiki.com/barbell/male/calves/barbell-calf-jump, Male|Female","https://musclewiki.com/barbell/female/calves/barbell-calf-jump, Barbell"
Gastrocnemius,,,,,
Forearms,,,,,
Barbell Wrist Curl,"Forearms, Wrist Flexors",Barbell,Novice,https://musclewiki.com/barbell/male/forearms/barbell-wrist-curl,https://musclewiki.com/barbell/female/forearms/barbell-wrist-curl
Dumbbell Wrist Curl,"Forearms, Wrist Flexors",Dumbbells,Novice,https://musclewiki.com/dumbbells/male/forearms/dumbbell-wrist-curl,https://musclewiki.com/dumbbells/female/forearms/dumbbell-wrist-curl
Dumbbell Wrist Extension,"Forearms, Wrist Extensors",Dumbbells,Novice,https://musclewiki.com/dumbbells/male/forearms/dumbbell-wrist-extension,https://musclewiki.com/dumbbells/female/forearms/dumbbell-wrist-extension
Dumbbell Bench Wrist Curl,"Forearms, Wrist Flexors",Dumbbells,Novice,https://musclewiki.com/dumbbells/male/forearms/dumbbell-bench-wrist-curl,https://musclewiki.com/dumbbells/female/forearms/dumbbell-bench-wrist-curl
Dumbbell Single Arm Bench Wrist Curl,"Forearms, Wrist Flexors",Dumbbells,Beginner,https://musclewiki.com/dumbbells/male/forearms/wrist-flexor-curl-dumbbell-kneeling,https://musclewiki.com/dumbbells/female/forearms/wrist-flexor-curl-dumbbell-kneeling
Dumbbell Wrist Supinations Pronations,Forearms,Dumbbells,Beginner,https://musclewiki.com/dumbbells/male/forearms/wrist-supinations-pronations,https://musclewiki.com/dumbbells/female/forearms/wrist-supinations-pronations
Dumbbell Farmer Walk,Forearms,Dumbbells,Beginner,https://musclewiki.com/dumbbells/male/forearms/dumbbell-farmer-walk,https://musclewiki.com/dumbbells/female/forearms/dumbbell-farmer-walk
Dead Hang,Forearms,Bodyweight,Beginner,https://musclewiki.com/bodyweight/male/forearms/dead-hang,https://musclewiki.com/bodyweight/female/forearms/dead-hang
Kettlebell Farmers Carry,"Forearms, Wrist Flexors, Hands",Kettlebells,Beginner,https://musclewiki.com/kettlebells/male/forearms/kettlebell-farmers-carry,https://musclewiki.com/kettlebells/female/forearms/kettlebell-farmers-carry
Kettlebell Wrist Extension,"Forearms, Wrist Extensors",Kettlebells,Novice,https://musclewiki.com/kettlebells/male/forearms/kettlebell-wrist-extension,https://musclewiki.com/kettlebells/female/forearms/kettlebell-wrist-extension
Kettlebell Wrist Curl,"Forearms, Wrist Flexors",Kettlebells,Novice,https://musclewiki.com/kettlebells/male/forearms/kettlebell-wrist-curl,https://musclewiki.com/kettlebells/female/forearms/kettlebell-wrist-curl
Kettlebell Farmers March,"Forearms, Hands",Kettlebells,Intermediate,https://musclewiki.com/kettlebells/male/forearms/kettlebell-farmers-march,https://musclewiki.com/kettlebells/female/forearms/kettlebell-farmers-march
Kettlebell Single Arm Farmers March,"Forearms, Wrist Flexors, Hands",Kettlebells,Beginner,https://musclewiki.com/kettlebells/male/forearms/kettlebell-single-arm-farmers-march,https://musclewiki.com/kettlebells/female/forearms/kettlebell-single-arm-farmers-march
Kettlebell Walking Farmers March,"Forearms, Wrist Flexors, Hands",Kettlebells,Beginner,https://musclewiki.com/kettlebells/male/forearms/kettlebell-walking-farmers-march,https://musclewiki.com/kettlebells/female/forearms/kettlebell-walking-farmers-march
Kettlebell Bench Wrist Curl,"Forearms, Wrist Flexors",Kettlebells,Novice,https://musclewiki.com/kettlebells/male/forearms/kettlebell-bench-wrist-curl,https://musclewiki.com/kettlebells/female/forearms/kettlebell-bench-wrist-curl
Kettlebell Single Arm Farmers Walk,"Forearms, Obliques",Kettlebells,Novice,https://musclewiki.com/kettlebells/male/forearms/kettlebell-single-arm-farmers-walk,https://musclewiki.com/kettlebells/female/forearms/kettlebell-single-arm-farmers-walk
Forearms Stretch Variation Four,Forearms,Stretches,Novice,https://musclewiki.com/stretches/male/forearms/forearms-stretch-variation-four,https://musclewiki.com/stretches/female/forearms/forearms-stretch-variation-four
Forearms Stretch Variation Three,Forearms,Stretches,Novice,https://musclewiki.com/stretches/male/forearms/forearms-stretch-variation-three,https://musclewiki.com/stretches/female/forearms/forearms-stretch-variation-three
Forearms Stretch Variation Two,Forearms,Stretches,Novice,https://musclewiki.com/stretches/male/forearms/forearms-stretch-variation-two,https://musclewiki.com/stretches/female/forearms/forearms-stretch-variation-two
Forearms Stretch Variation One,Forearms,Stretches,Novice,https://musclewiki.com/stretches/male/forearms/forearms-stretch-variation-one,https://musclewiki.com/stretches/female/forearms/forearms-stretch-variation-one
Cable Wrist Curl,"Forearms, Wrist Flexors",Cables,Beginner,https://musclewiki.com/cables/male/forearms/cable-wrist-curl,https://musclewiki.com/cables/female/forearms/cable-wrist-curl
Cable Wrist Extension,"Forearms, Wrist Extensors",Cables,Beginner,https://musclewiki.com/cables/male/forearms/cable-wrist-extension,https://musclewiki.com/cables/female/forearms/cable-wrist-extension
Cable Bar Reverse Grip Curl,Forearms,Cables,Novice,https://musclewiki.com/cables/male/forearms/cable-bar-reverse-grip-curl,https://musclewiki.com/cables/female/forearms/cable-bar-reverse-grip-curl
Plate Pinch Grip Side Bend,"Forearms, Obliques",Plate,Beginner,https://musclewiki.com/plate/male/forearms/plate-pinch-grip-side-bend,https://musclewiki.com/plate/female/forearms/plate-pinch-grip-side-bend
Plate Pinch Grip Farmer's Carry,"Forearms, Hands",Plate,Intermediate,https://musclewiki.com/plate/male/forearms/plate-pinch-grip-farmers-carry,https://musclewiki.com/plate/female/forearms/plate-pinch-grip-farmers-carry
Plate Weighted Dead Hang,Forearms,Plate,Intermediate,https://musclewiki.com/plate/male/forearms/plate-weighted-dead-hang,https://musclewiki.com/plate/female/forearms/plate-weighted-dead-hang
Table Top Pose Variation 1,Forearms,Yoga,Beginner,https://musclewiki.com/yoga/male/forearms/table-top-pose-variation-1,https://musclewiki.com/yoga/female/forearms/table-top-pose-variation-1
Table Top Pose Variation 2,Forearms,Yoga,Beginner,https://musclewiki.com/yoga/male/forearms/table-top-pose-variation-2,https://musclewiki.com/yoga/female/forearms/table-top-pose-variation-2
Table Top Pose Variation 3,Forearms,Yoga,Beginner,https://musclewiki.com/yoga/male/forearms/table-top-pose-variation-3,https://musclewiki.com/yoga/female/forearms/table-top-pose-variation-3
Vajrasana Variation 1,Forearms,Yoga,Beginner,https://musclewiki.com/yoga/male/forearms/vajrasana-variation-1,https://musclewiki.com/yoga/female/forearms/vajrasana-variation-1
Vajrasana Variation 2,Forearms,Yoga,Beginner,https://musclewiki.com/yoga/male/forearms/vajrasana-Variation-2,https://musclewiki.com/yoga/female/forearms/vajrasana-Variation-2
Crosslateral Core Stabilisation Unilateral Load Kettlebell,"Forearms, Obliques",Recovery,Intermediate,https://musclewiki.com/recovery/male/forearms/crosslateral-core-stabilisation-unilateral-load-kettlebell,https://musclewiki.com/recovery/female/forearms/crosslateral-core-stabilisation-unilateral-load-kettlebell
Seated Wrist Flexor Stretch,"Forearms, Wrist Flexors",Recovery,Beginner,https://musclewiki.com/recovery/male/forearms/wrist-flexor-stretch-seated,https://musclewiki.com/recovery/female/forearms/wrist-flexor-stretch-seated
Seated Wrist Extensor Stretch,"Forearms, Wrist Extensors",Recovery,Beginner,https://musclewiki.com/recovery/male/forearms/wrist-extensor-stretch-seated,https://musclewiki.com/recovery/female/forearms/wrist-extensor-stretch-seated
Wrist Extensor Mobilisation,"Forearms, Wrist Extensors",Recovery,Beginner,https://musclewiki.com/recovery/male/forearms/wrist-extensor-mobilisation-lacrosse-ball-kneeling,https://musclewiki.com/recovery/female/forearms/wrist-extensor-mobilisation-lacrosse-ball-kneeling
Wrist Extensor Kneeling Hold,"Forearms, Wrist Extensors",Recovery,Beginner,https://musclewiki.com/recovery/male/forearms/wrist-extensor-isometric-dumbbell-kneeling,https://musclewiki.com/recovery/female/forearms/wrist-extensor-isometric-dumbbell-kneeling
Ulnar Deviations,Forearms,Recovery,Novice,https://musclewiki.com/recovery/male/wrist/ulnar-deviations,https://musclewiki.com/recovery/female/wrist/ulnar-deviations
Wrist Extensors,,,,,
Barbell Reverse Curl,"Biceps, Forearms, Wrist Extensors, Wrist Flexors","Barbell, Advanced",Advanced,"https://musclewiki.com/barbell/male/biceps/barbell-reverse-curl, Male|Female","https://musclewiki.com/barbell/female/biceps/barbell-reverse-curl, Barbell"
Barbell Wrist Extension,Wrist Extensors,Barbell,Novice,https://musclewiki.com/barbell/male/wrist-extensors/barbell-wrist-extension,https://musclewiki.com/barbell/female/wrist-extensors/barbell-wrist-extension
Dumbbell Bench Wrist Extension,Wrist Extensors,Dumbbells,Novice,https://musclewiki.com/dumbbells/male/wrist-extensors/dumbbell-bench-wrist-extension,https://musclewiki.com/dumbbells/female/wrist-extensors/dumbbell-bench-wrist-extension
Kettlebell Bench Wrist Extension,Wrist Extensors,Kettlebells,Novice,https://musclewiki.com/kettlebells/male/wrist-extensors/kettlebell-bench-wrist-extension,https://musclewiki.com/kettlebells/female/wrist-extensors/kettlebell-bench-wrist-extension
Wrist Flexors,,,,,
Glutes,,,,,
Barbell Stiff Leg Deadlifts,"Glutes, Gluteus Medius",Barbell,Intermediate,https://musclewiki.com/barbell/male/glutes/barbell-stiff-leg-deadlifts,https://musclewiki.com/barbell/female/glutes/barbell-stiff-leg-deadlifts
Barbell Hip Thrust,"Glutes, Gluteus Maximus",Barbell,Beginner,https://musclewiki.com/barbell/male/glutes/barbell-hip-thrust,https://musclewiki.com/barbell/female/glutes/barbell-hip-thrust
Barbell Curtsy Lunge,"Glutes, Gluteus Medius, Quads, Inner Thigh, Inner Quadriceps","Barbell, Advanced",Advanced,"https://musclewiki.com/barbell/male/glutes/barbell-curtsy-lunge, Male|Female","https://musclewiki.com/barbell/female/glutes/barbell-curtsy-lunge, Barbell"
Barbell Bulgarian Split Squat,"Glutes, Quads",Barbell,Advanced,https://musclewiki.com/barbell/male/glutes/barbell-bulgarian-split-squat,https://musclewiki.com/barbell/female/glutes/barbell-bulgarian-split-squat
Barbell Front Squat Bodybuilding,"Glutes, Quads",Barbell,Advanced,https://musclewiki.com/barbell/male/glutes/barbell-front-squat-bodybuilding,https://musclewiki.com/barbell/female/glutes/barbell-front-squat-bodybuilding
Barbell High Bar Squat,"Glutes, Quads",Barbell,Beginner,https://musclewiki.com/barbell/male/glutes/barbell-high-bar-squat,https://musclewiki.com/barbell/female/glutes/barbell-high-bar-squat
Barbell Forward Lunge,"Glutes, Quads",Barbell,Advanced,https://musclewiki.com/barbell/male/glutes/barbell-forward-lunge,https://musclewiki.com/barbell/female/glutes/barbell-forward-lunge
Barbell Front Rack Step Up,"Glutes, Quads",Barbell,Advanced,https://musclewiki.com/barbell/male/glutes/barbell-front-rack-step-up,https://musclewiki.com/barbell/female/glutes/barbell-front-rack-step-up
Barbell Glute Bridge,"Glutes, Gluteus Maximus",Barbell,Beginner,https://musclewiki.com/barbell/male/glutes/barbell-glute-bridge,https://musclewiki.com/barbell/female/glutes/barbell-glute-bridge
Barbell Heels Up Back Squat,"Glutes, Quads",Barbell,Advanced,https://musclewiki.com/barbell/male/glutes/barbell-heels-up-back-squat,https://musclewiki.com/barbell/female/glutes/barbell-heels-up-back-squat
Barbell Heels Up Front Squat,"Glutes, Quads",Barbell,Advanced,https://musclewiki.com/barbell/male/glutes/barbell-heels-up-front-squat,https://musclewiki.com/barbell/female/glutes/barbell-heels-up-front-squat
Barbell Lateral Lunge,"Glutes, Quads",Barbell,Advanced,https://musclewiki.com/barbell/male/glutes/barbell-lateral-lunge,https://musclewiki.com/barbell/female/glutes/barbell-lateral-lunge
Barbell Reverse Lunge,"Glutes, Quads",Barbell,Intermediate,https://musclewiki.com/barbell/male/glutes/barbell-reverse-lunge,https://musclewiki.com/barbell/female/glutes/barbell-reverse-lunge
Barbell Side Step Up,"Glutes, Quads",Barbell,Intermediate,https://musclewiki.com/barbell/male/glutes/barbell-side-step-up,https://musclewiki.com/barbell/female/glutes/barbell-side-step-up
Barbell Split Squat,"Glutes, Quads",Barbell,Intermediate,https://musclewiki.com/barbell/male/glutes/barbell-split-squat,https://musclewiki.com/barbell/female/glutes/barbell-split-squat
Barbell Step Up Balance,"Glutes, Quads",Barbell,Intermediate,https://musclewiki.com/barbell/male/glutes/barbell-step-up-balance,https://musclewiki.com/barbell/female/glutes/barbell-step-up-balance
Barbell Step Up,"Glutes, Quads",Barbell,Beginner,https://musclewiki.com/barbell/male/glutes/barbell-step-up,https://musclewiki.com/barbell/female/glutes/barbell-step-up
Barbell Tap Pause Squat,"Glutes, Quads",Barbell,Intermediate,https://musclewiki.com/barbell/male/glutes/barbell-tap-pause-squat,https://musclewiki.com/barbell/female/glutes/barbell-tap-pause-squat
Barbell Feet Elevated Figure Four Glute Bridge,Glutes,Barbell,Intermediate,https://musclewiki.com/barbell/male/glutes/barbell-feet-elevated-figure-four-glute-bridge,https://musclewiki.com/barbell/female/glutes/barbell-feet-elevated-figure-four-glute-bridge
Barbell Feet Elevated Glute Bridge,Glutes,Barbell,Intermediate,https://musclewiki.com/barbell/male/glutes/barbell-feet-elevated-glute-bridge,https://musclewiki.com/barbell/female/glutes/barbell-feet-elevated-glute-bridge
Barbell Feet Elevated Single Leg Glute Bridge,Glutes,Barbell,Advanced,https://musclewiki.com/barbell/male/glutes/barbell-feet-elevated-single-leg-glute-bridge,https://musclewiki.com/barbell/female/glutes/barbell-feet-elevated-single-leg-glute-bridge
Barbell Feet Elevated Staggered Glute Bridge,Glutes,Barbell,Intermediate,https://musclewiki.com/barbell/male/glutes/barbell-feet-elevated-staggered-glute-bridge,https://musclewiki.com/barbell/female/glutes/barbell-feet-elevated-staggered-glute-bridge
Landmine Alternating Lunge And Twist,"Glutes, Quads, Obliques",Barbell,Advanced,https://musclewiki.com/barbell/male/glutes/landmine-alternating-lunge-and-twist,https://musclewiki.com/barbell/female/glutes/landmine-alternating-lunge-and-twist
Landmine Alternating Lunge To Chest Press,"Glutes, Quads, Chest",Barbell,Advanced,https://musclewiki.com/barbell/male/glutes/landmine-alternating-lunge-to-chest-press,https://musclewiki.com/barbell/female/glutes/landmine-alternating-lunge-to-chest-press
Landmine Curtsy Lunge,"Glutes, Gluteus Medius, Gluteus Maximus, Quads, Inner Thigh, Inner Quadriceps",Barbell,Intermediate,https://musclewiki.com/barbell/male/glutes/landmine-curtsy-lunge,https://musclewiki.com/barbell/female/glutes/landmine-curtsy-lunge
Landmine Glute Kick Back,Glutes,Barbell,Intermediate,https://musclewiki.com/barbell/male/glutes/landmine-glute-kick-back,https://musclewiki.com/barbell/female/glutes/landmine-glute-kick-back
Landmine Goblet Curtsy Lunge,"Glutes, Gluteus Medius, Gluteus Maximus, Quads, Inner Thigh, Inner Quadriceps",Barbell,Advanced,https://musclewiki.com/barbell/male/glutes/landmine-goblet-curtsy-lunge,https://musclewiki.com/barbell/female/glutes/landmine-goblet-curtsy-lunge
Landmine Goblet Lateral Lunge,"Glutes, Quads",Barbell,Advanced,https://musclewiki.com/barbell/male/glutes/landmine-goblet-lateral-lunge,https://musclewiki.com/barbell/female/glutes/landmine-goblet-lateral-lunge
Landmine Hack Squat,"Glutes, Quads",Barbell,Advanced,https://musclewiki.com/barbell/male/glutes/landmine-hack-squat,https://musclewiki.com/barbell/female/glutes/landmine-hack-squat
Landmine Lateral Lunge,"Glutes, Quads",Barbell,Intermediate,https://musclewiki.com/barbell/male/glutes/landmine-lateral-lunge,https://musclewiki.com/barbell/female/glutes/landmine-lateral-lunge
Landmine Lunge,"Glutes, Quads",Barbell,Intermediate,https://musclewiki.com/barbell/male/glutes/landmine-lunge,https://musclewiki.com/barbell/female/glutes/landmine-lunge
Landmine Lunge To Overhead Press,"Glutes, Shoulders, Lateral Deltoid, Anterior Deltoid, Quads, Front Shoulders",Barbell,Advanced,https://musclewiki.com/barbell/male/glutes/landmine-lunge-to-overhead-press,https://musclewiki.com/barbell/female/glutes/landmine-lunge-to-overhead-press
Landmine Rotational Lift To Press,"Glutes, Shoulders, Lateral Deltoid, Anterior Deltoid, Quads, Obliques, Front Shoulders",Barbell,Advanced,https://musclewiki.com/barbell/male/glutes/landmine-rotational-lift-to-press,https://musclewiki.com/barbell/female/glutes/landmine-rotational-lift-to-press
Landmine Single Leg Glute Bridge,"Glutes, Gluteus Maximus",Barbell,Advanced,https://musclewiki.com/barbell/male/glutes/landmine-single-leg-glute-bridge,https://musclewiki.com/barbell/female/glutes/landmine-single-leg-glute-bridge
Landmine Squat,"Glutes, Gluteus Maximus, Quads, Inner Quadriceps",Barbell,Beginner,https://musclewiki.com/barbell/male/glutes/landmine-squat,https://musclewiki.com/barbell/female/glutes/landmine-squat
Landmine Sumo Deadlift,"Glutes, Gluteus Maximus, Quads",Barbell,Beginner,https://musclewiki.com/barbell/male/glutes/landmine-sumo-deadlift,https://musclewiki.com/barbell/female/glutes/landmine-sumo-deadlift
Landmine Thruster,"Glutes, Gluteus Maximus, Shoulders, Anterior Deltoid, Quads, Inner Quadriceps, Front Shoulders",Barbell,Intermediate,https://musclewiki.com/barbell/male/glutes/landmine-thruster,https://musclewiki.com/barbell/female/glutes/landmine-thruster
Barbell Figure Four Hip Thrust,Glutes,Barbell,Intermediate,https://musclewiki.com/barbell/male/glutes/barbell-figure-four-hip-thrust,https://musclewiki.com/barbell/female/glutes/barbell-figure-four-hip-thrust
Barbell Front Squat With Straps,"Glutes, Quads",Barbell,Intermediate,https://musclewiki.com/barbell/male/glutes/barbell-front-squat-with-straps,https://musclewiki.com/barbell/female/glutes/barbell-front-squat-with-straps
Barbell Single Leg Hip Thrust,Glutes,Barbell,Beginner,https://musclewiki.com/barbell/male/glutes/barbell-single-leg-hip-thrust,https://musclewiki.com/barbell/female/glutes/barbell-single-leg-hip-thrust
Barbell Figure Four Heels Elevated Hip Thrust,Glutes,Barbell,Advanced,https://musclewiki.com/barbell/male/glutes/barbell-figure-four-heels-elevated-hip-thrust,https://musclewiki.com/barbell/female/glutes/barbell-figure-four-heels-elevated-hip-thrust
Barbell Heels Elevated Hip Thrust,"Glutes, Gluteus Maximus",Barbell,Beginner,https://musclewiki.com/barbell/male/glutes/barbell-heels-elevated-hip-thrust,https://musclewiki.com/barbell/female/glutes/barbell-heels-elevated-hip-thrust
Barbell Single Leg Heels Elevated Hip Thrust,Glutes,Barbell,Advanced,https://musclewiki.com/barbell/male/glutes/barbell-single-leg-heels-elevated-hip-thrust,https://musclewiki.com/barbell/female/glutes/barbell-single-leg-heels-elevated-hip-thrust
Barbell Kickstand Squat,"Glutes, Quads",Barbell,Advanced,https://musclewiki.com/barbell/male/glutes/barbell-kickstand-squat,https://musclewiki.com/barbell/female/glutes/barbell-kickstand-squat
Dumbbell Goblet Squat,"Glutes, Quads, Groin",Dumbbells,Novice,https://musclewiki.com/dumbbells/male/glutes/dumbbell-goblet-squat,https://musclewiki.com/dumbbells/female/glutes/dumbbell-goblet-squat
Dumbbell Goblet Bulgarian Split Squat,"Glutes, Quads",Dumbbells,Intermediate,https://musclewiki.com/dumbbells/male/glutes/dumbbell-goblet-bulgarian-split-squat,https://musclewiki.com/dumbbells/female/glutes/dumbbell-goblet-bulgarian-split-squat
Dumbbell Hip Thrust,"Glutes, Gluteus Maximus",Dumbbells,Novice,https://musclewiki.com/dumbbells/male/glutes/dumbbell-hip-thrust,https://musclewiki.com/dumbbells/female/glutes/dumbbell-hip-thrust
Dumbbell Glute Bridge,"Glutes, Hamstrings, Quads",Dumbbells,Novice,https://musclewiki.com/dumbbells/male/glutes/dumbbell-glute-bridge,https://musclewiki.com/dumbbells/female/glutes/dumbbell-glute-bridge
Dumbbell Bulgarian Split Squat,"Glutes, Gluteus Maximus, Quads, Inner Thigh, Inner Quadriceps",Dumbbells,Intermediate,https://musclewiki.com/dumbbells/male/glutes/dumbbell-bulgarian-split-squat,https://musclewiki.com/dumbbells/female/glutes/dumbbell-bulgarian-split-squat
Dumbbell Forward Lunge,"Glutes, Quads",Dumbbells,Beginner,https://musclewiki.com/dumbbells/male/glutes/dumbbell-forward-lunge,https://musclewiki.com/dumbbells/female/glutes/dumbbell-forward-lunge
Dumbbell Goblet Curtsy Lunge,"Glutes, Gluteus Medius, Gluteus Maximus, Quads, Inner Thigh, Inner Quadriceps",Dumbbells,Advanced,https://musclewiki.com/dumbbells/male/glutes/dumbbell-goblet-curtsy-lunge,https://musclewiki.com/dumbbells/female/glutes/dumbbell-goblet-curtsy-lunge
Dumbbell Goblet Forward Lunge,"Glutes, Quads",Dumbbells,Beginner,https://musclewiki.com/dumbbells/male/glutes/dumbbell-goblet-forward-lunge,https://musclewiki.com/dumbbells/female/glutes/dumbbell-goblet-forward-lunge
Dumbbell Goblet Lateral Lunge,"Glutes, Quads",Dumbbells,Advanced,https://musclewiki.com/dumbbells/male/glutes/dumbbell-goblet-lateral-lunge,https://musclewiki.com/dumbbells/female/glutes/dumbbell-goblet-lateral-lunge
Dumbbell Goblet Reverse Lunge,"Glutes, Quads",Dumbbells,Novice,https://musclewiki.com/dumbbells/male/glutes/dumbbell-goblet-reverse-lunge,https://musclewiki.com/dumbbells/female/glutes/dumbbell-goblet-reverse-lunge
Dumbbell Goblet Split Squat,"Glutes, Quads",Dumbbells,Beginner,https://musclewiki.com/dumbbells/male/glutes/dumbbell-goblet-split-squat,https://musclewiki.com/dumbbells/female/glutes/dumbbell-goblet-split-squat
Dumbbell Lateral Lunge Reach,"Glutes, Quads",Dumbbells,Intermediate,https://musclewiki.com/dumbbells/male/glutes/dumbbell-lateral-lunge-reach,https://musclewiki.com/dumbbells/female/glutes/dumbbell-lateral-lunge-reach
Dumbbell Reverse Lunge,"Glutes, Quads",Dumbbells,Novice,https://musclewiki.com/dumbbells/male/glutes/dumbbell-reverse-lunge,https://musclewiki.com/dumbbells/female/glutes/dumbbell-reverse-lunge
Dumbbell Split Squat,"Glutes, Quads",Dumbbells,Novice,https://musclewiki.com/dumbbells/male/glutes/dumbbell-split-squat,https://musclewiki.com/dumbbells/female/glutes/dumbbell-split-squat
Dumbbell Figure Four Glute Bridge,Glutes,Dumbbells,Intermediate,https://musclewiki.com/dumbbells/male/glutes/dumbbell-figure-four-glute-bridge,https://musclewiki.com/dumbbells/female/glutes/dumbbell-figure-four-glute-bridge
Dumbbell Figure Four Hip Thrust,Glutes,Dumbbells,Intermediate,https://musclewiki.com/dumbbells/male/glutes/dumbbell-figure-four-hip-thrust,https://musclewiki.com/dumbbells/female/glutes/dumbbell-figure-four-hip-thrust
Dumbbell Front Rack Squat,"Glutes, Quads",Dumbbells,Intermediate,https://musclewiki.com/dumbbells/male/glutes/dumbbell-front-rack-squat,https://musclewiki.com/dumbbells/female/glutes/dumbbell-front-rack-squat
Dumbbell Goblet Pulse Squat,"Glutes, Quads",Dumbbells,Beginner,https://musclewiki.com/dumbbells/male/glutes/dumbbell-goblet-pulse-squat,https://musclewiki.com/dumbbells/female/glutes/dumbbell-goblet-pulse-squat
Dumbbell Heels Up Goblet Squat,"Glutes, Quads",Dumbbells,Novice,https://musclewiki.com/dumbbells/male/glutes/dumbbell-heels-up-goblet-squat,https://musclewiki.com/dumbbells/female/glutes/dumbbell-heels-up-goblet-squat
Dumbbell Heels Up Narrow Goblet Squat,"Glutes, Quads",Dumbbells,Advanced,https://musclewiki.com/dumbbells/male/glutes/dumbbell-heels-up-narrow-goblet-squat,https://musclewiki.com/dumbbells/female/glutes/dumbbell-heels-up-narrow-goblet-squat
Dumbbell Offset Squat,"Glutes, Quads, Obliques",Dumbbells,Intermediate,https://musclewiki.com/dumbbells/male/glutes/dumbbell-offset-squat,https://musclewiki.com/dumbbells/female/glutes/dumbbell-offset-squat
Dumbbell Single Leg Glute Bridge,Glutes,Dumbbells,Intermediate,https://musclewiki.com/dumbbells/male/glutes/dumbbell-single-leg-glute-bridge,https://musclewiki.com/dumbbells/female/glutes/dumbbell-single-leg-glute-bridge
Dumbbell Single Leg Hip Thrust,Glutes,Dumbbells,Beginner,https://musclewiki.com/dumbbells/male/glutes/dumbbell-single-leg-hip-thrust,https://musclewiki.com/dumbbells/female/glutes/dumbbell-single-leg-hip-thrust
Dumbbell Staggered Glute Bridge,Glutes,Dumbbells,Beginner,https://musclewiki.com/dumbbells/male/glutes/dumbbell-staggered-glute-bridge,https://musclewiki.com/dumbbells/female/glutes/dumbbell-staggered-glute-bridge
Dumbbell Staggered Hip thrust,Glutes,Dumbbells,Beginner,https://musclewiki.com/dumbbells/male/glutes/dumbbell-staggered-hip-thrust,https://musclewiki.com/dumbbells/female/glutes/dumbbell-staggered-hip-thrust
Dumbbell Thruster,"Glutes, Shoulders, Lateral Deltoid, Anterior Deltoid, Quads, Front Shoulders",Dumbbells,Intermediate,https://musclewiki.com/dumbbells/male/glutes/dumbbell-thruster,https://musclewiki.com/dumbbells/female/glutes/dumbbell-thruster
Dumbbell Feet Elevated Figure Four Glute Bridge,Glutes,Dumbbells,Beginner,https://musclewiki.com/dumbbells/male/glutes/dumbbell-feet-elevated-figure-four-glute-bridge,https://musclewiki.com/dumbbells/female/glutes/dumbbell-feet-elevated-figure-four-glute-bridge
Dumbbell Feet Elevated Glute Bridge,Glutes,Dumbbells,Beginner,https://musclewiki.com/dumbbells/male/glutes/dumbbell-feet-elevated-glute-bridge,https://musclewiki.com/dumbbells/female/glutes/dumbbell-feet-elevated-glute-bridge
Dumbbell Feet Elevated Single Leg Glute Bridge,Glutes,Dumbbells,Advanced,https://musclewiki.com/dumbbells/male/glutes/dumbbell-feet-elevated-single-leg-glute-bridge,https://musclewiki.com/dumbbells/female/glutes/dumbbell-feet-elevated-single-leg-glute-bridge
Dumbbell Feet Elevated Staggered Glute Bridge,Glutes,Dumbbells,Intermediate,https://musclewiki.com/dumbbells/male/glutes/dumbbell-feet-elevated-staggered-glute-bridge,https://musclewiki.com/dumbbells/female/glutes/dumbbell-feet-elevated-staggered-glute-bridge
Dumbbell Overhead Squat,"Glutes, Shoulders, Lateral Deltoid, Anterior Deltoid, Quads, Front Shoulders",Dumbbells,Advanced,https://musclewiki.com/dumbbells/male/glutes/dumbbell-overhead-squat,https://musclewiki.com/dumbbells/female/glutes/dumbbell-overhead-squat
Single Arm Overhead Squat,"Glutes, Shoulders, Quads",Dumbbells,Advanced,https://musclewiki.com/dumbbells/male/glutes/single-arm-overhead-squat,https://musclewiki.com/dumbbells/female/glutes/single-arm-overhead-squat
Dumbbell Standing Hip Abduction,"Glutes, Gluteus Medius",Dumbbells,Beginner,https://musclewiki.com/dumbbells/male/glutes/dumbbell-standing-hip-abduction,https://musclewiki.com/dumbbells/female/glutes/dumbbell-standing-hip-abduction
Dumbbell Figure Four Heels Elevated Hip Thrust,Glutes,Dumbbells,Intermediate,https://musclewiki.com/dumbbells/male/glutes/dumbbell-figure-four-heels-elevated-hip-thrust,https://musclewiki.com/dumbbells/female/glutes/dumbbell-figure-four-heels-elevated-hip-thrust
Dumbbell Heels Elevated Hip Thrust,"Glutes, Gluteus Maximus",Dumbbells,Beginner,https://musclewiki.com/dumbbells/male/glutes/dumbbell-heels-elevated-hip-thrust,https://musclewiki.com/dumbbells/female/glutes/dumbbell-heels-elevated-hip-thrust
Dumbbell Single Leg Heels Elevated Hip Thrust,Glutes,Dumbbells,Advanced,https://musclewiki.com/dumbbells/male/glutes/dumbbell-single-leg-heels-elevated-hip-thrust,https://musclewiki.com/dumbbells/female/glutes/dumbbell-single-leg-heels-elevated-hip-thrust
Dumbbell Goblet Side Step Up,"Glutes, Quads",Dumbbells,Beginner,https://musclewiki.com/dumbbells/male/glutes/dumbbell-goblet-side-step-up,https://musclewiki.com/dumbbells/female/glutes/dumbbell-goblet-side-step-up
Dumbbell Side Step Up,"Glutes, Quads",Dumbbells,Beginner,https://musclewiki.com/dumbbells/male/glutes/dumbbell-side-step-up,https://musclewiki.com/dumbbells/female/glutes/dumbbell-side-step-up
Dumbbell Goblet Step Up,"Glutes, Quads",Dumbbells,Novice,https://musclewiki.com/dumbbells/male/glutes/dumbbell-goblet-step-up,https://musclewiki.com/dumbbells/female/glutes/dumbbell-goblet-step-up
Dumbbell Single Arm Front Rack Step Up,"Glutes, Quads",Dumbbells,Advanced,https://musclewiki.com/dumbbells/male/glutes/dumbbell-single-arm-front-rack-step-up,https://musclewiki.com/dumbbells/female/glutes/dumbbell-single-arm-front-rack-step-up
Dumbbell Front Rack Step Up,"Glutes, Quads",Dumbbells,Advanced,https://musclewiki.com/dumbbells/male/glutes/dumbbell-front-rack-step-up,https://musclewiki.com/dumbbells/female/glutes/dumbbell-front-rack-step-up
Dumbbell Single Arm Step Up,"Glutes, Quads",Dumbbells,Advanced,https://musclewiki.com/dumbbells/male/glutes/dumbbell-single-arm-step-up,https://musclewiki.com/dumbbells/female/glutes/dumbbell-single-arm-step-up
Dumbbell Step Up,"Glutes, Quads",Dumbbells,Beginner,https://musclewiki.com/dumbbells/male/glutes/dumbbell-step-up,https://musclewiki.com/dumbbells/female/glutes/dumbbell-step-up
Dumbbell Kickstand Squat,"Glutes, Quads",Dumbbells,Intermediate,https://musclewiki.com/dumbbells/male/glutes/dumbbell-kickstand-squat,https://musclewiki.com/dumbbells/female/glutes/dumbbell-kickstand-squat
Dumbbell Swing Lunge,"Glutes, Quads",Dumbbells,Intermediate,https://musclewiki.com/dumbbells/male/glutes/dumbbell-swing-lunge,https://musclewiki.com/dumbbells/female/glutes/dumbbell-swing-lunge
Dumbbell Goblet Alternating Curtsy Lunge,"Glutes, Gluteus Medius, Gluteus Maximus, Quads, Inner Thigh, Inner Quadriceps",Dumbbells,Intermediate,https://musclewiki.com/dumbbells/male/glutes/dumbbell-goblet-alternating-curtsy-lunge,https://musclewiki.com/dumbbells/female/glutes/dumbbell-goblet-alternating-curtsy-lunge
Dumbbell Alternating Lateral Lunge,"Glutes, Quads",Dumbbells,Intermediate,https://musclewiki.com/dumbbells/male/glutes/dumbbell-alternating-lateral-lunge,https://musclewiki.com/dumbbells/female/glutes/dumbbell-alternating-lateral-lunge
Dumbbell Alternating Reverse Lunge,"Glutes, Quads",Dumbbells,Intermediate,https://musclewiki.com/dumbbells/male/glutes/dumbbell-alternating-reverse-lunge,https://musclewiki.com/dumbbells/female/glutes/dumbbell-alternating-reverse-lunge
Dumbbell Alternating Forward Lunge,"Glutes, Quads",Dumbbells,Intermediate,https://musclewiki.com/dumbbells/male/glutes/dumbbell-alternating-forward-lunge,https://musclewiki.com/dumbbells/female/glutes/dumbbell-alternating-forward-lunge
Dumbbell Assisted Bulgarian Split Squat,"Glutes, Quads",Dumbbells,Beginner,https://musclewiki.com/dumbbells/male/glutes/dumbbell-assisted-bulgarian-split-squat,https://musclewiki.com/dumbbells/female/glutes/dumbbell-assisted-bulgarian-split-squat
Glute Bridge,Glutes,Bodyweight,Novice,https://musclewiki.com/bodyweight/male/glutes/glute-bridge,https://musclewiki.com/bodyweight/female/glutes/glute-bridge
Bulgarian Split Squat,"Glutes, Quads",Bodyweight,Beginner,https://musclewiki.com/bodyweight/male/glutes/bulgarian-split-squat,https://musclewiki.com/bodyweight/female/glutes/bulgarian-split-squat
Single Leg Glute Bridge,Glutes,Bodyweight,Beginner,https://musclewiki.com/bodyweight/male/glutes/single-leg-glute-bridge,https://musclewiki.com/bodyweight/female/glutes/single-leg-glute-bridge
Side Lunges,"Glutes, Quads",Bodyweight,Novice,https://musclewiki.com/bodyweight/male/glutes/side-lunges,https://musclewiki.com/bodyweight/female/glutes/side-lunges
Forward Lunges,"Glutes, Quads, Inner Thigh, Inner Quadriceps",Bodyweight,Novice,https://musclewiki.com/bodyweight/male/glutes/forward-lunges,https://musclewiki.com/bodyweight/female/glutes/forward-lunges
Jump Squats,"Glutes, Quads",Bodyweight,Beginner,https://musclewiki.com/bodyweight/male/glutes/jump-squats,https://musclewiki.com/bodyweight/female/glutes/jump-squats
Bodyweight Squat,"Glutes, Quads, Groin",Bodyweight,Novice,https://musclewiki.com/bodyweight/male/glutes/bodyweight-squat,https://musclewiki.com/bodyweight/female/glutes/bodyweight-squat
Kickbacks,Glutes,Bodyweight,Novice,https://musclewiki.com/bodyweight/male/glutes/kickbacks,https://musclewiki.com/bodyweight/female/glutes/kickbacks
Assisted Bulgarian Split Squat,"Glutes, Quads",Bodyweight,Novice,https://musclewiki.com/bodyweight/male/glutes/assisted-bulgarian-split-squat,https://musclewiki.com/bodyweight/female/glutes/assisted-bulgarian-split-squat
Curtsy Lunge,"Glutes, Gluteus Medius, Quads, Inner Thigh, Inner Quadriceps",Bodyweight,Intermediate,https://musclewiki.com/bodyweight/male/glutes/curtsy-lunge,https://musclewiki.com/bodyweight/female/glutes/curtsy-lunge
Forward Lunge,"Glutes, Quads",Bodyweight,Novice,https://musclewiki.com/bodyweight/male/glutes/forward-lunge,https://musclewiki.com/bodyweight/female/glutes/forward-lunge
Heels Up Squat,"Glutes, Quads",Bodyweight,Beginner,https://musclewiki.com/bodyweight/male/glutes/heels-up-squat,https://musclewiki.com/bodyweight/female/glutes/heels-up-squat
Lateral Lunge,"Glutes, Quads",Bodyweight,Intermediate,https://musclewiki.com/bodyweight/male/glutes/lateral-lunge,https://musclewiki.com/bodyweight/female/glutes/lateral-lunge
Split Squat,"Glutes, Quads",Bodyweight,Beginner,https://musclewiki.com/bodyweight/male/glutes/split-squat,https://musclewiki.com/bodyweight/female/glutes/split-squat
Bodyweight Feet Elevated Figure Four Glute Bridge,Glutes,Bodyweight,Intermediate,https://musclewiki.com/bodyweight/male/glutes/bodyweight-feet-elevated-figure-four-glute-bridge,https://musclewiki.com/bodyweight/female/glutes/bodyweight-feet-elevated-figure-four-glute-bridge
Bodyweight Feet Elevated Glute Bridge,Glutes,Bodyweight,Novice,https://musclewiki.com/bodyweight/male/glutes/bodyweight-feet-elevated-glute-bridge,https://musclewiki.com/bodyweight/female/glutes/bodyweight-feet-elevated-glute-bridge
Bodyweight Feet Elevated Single Leg Glute Bridge,Glutes,Bodyweight,Advanced,https://musclewiki.com/bodyweight/male/glutes/bodyweight-feet-elevated-single-leg-glute-bridge,https://musclewiki.com/bodyweight/female/glutes/bodyweight-feet-elevated-single-leg-glute-bridge
Bodyweight Feet Elevated Staggered Glute Bridge,Glutes,Bodyweight,Intermediate,https://musclewiki.com/bodyweight/male/glutes/bodyweight-feet-elevated-staggered-glute-bridge,https://musclewiki.com/bodyweight/female/glutes/bodyweight-feet-elevated-staggered-glute-bridge
Box Jump,"Glutes, Gluteus Maximus, Quads, Inner Quadriceps",Bodyweight,Beginner,https://musclewiki.com/bodyweight/male/glutes/box-jump,https://musclewiki.com/bodyweight/female/glutes/box-jump
Depth Jump,"Glutes, Gluteus Maximus, Quads, Inner Quadriceps",Bodyweight,Intermediate,https://musclewiki.com/bodyweight/male/glutes/depth-jump,https://musclewiki.com/bodyweight/female/glutes/depth-jump
Seated Box Jump,"Glutes, Gluteus Maximus, Quads, Inner Quadriceps",Bodyweight,Beginner,https://musclewiki.com/bodyweight/male/glutes/seated-box-jump,https://musclewiki.com/bodyweight/female/glutes/seated-box-jump
Single Leg Box Jump,"Glutes, Gluteus Maximus, Quads",Bodyweight,Advanced,https://musclewiki.com/bodyweight/male/glutes/single-leg-box-jump,https://musclewiki.com/bodyweight/female/glutes/single-leg-box-jump
Bodyweight Alternating Jump Lunge,"Glutes, Quads",Bodyweight,Intermediate,https://musclewiki.com/bodyweight/male/glutes/bodyweight-alternating-jump-lunge,https://musclewiki.com/bodyweight/female/glutes/bodyweight-alternating-jump-lunge
Bodyweight Figure Four Heels Elevated Hip Thrust,Glutes,Bodyweight,Intermediate,https://musclewiki.com/bodyweight/male/glutes/bodyweight-figure-four-heels-elevated-hip-thrust,https://musclewiki.com/bodyweight/female/glutes/bodyweight-figure-four-heels-elevated-hip-thrust
Bodyweight Heels Elevated Hip Thrust,Glutes,Bodyweight,Novice,https://musclewiki.com/bodyweight/male/glutes/bodyweight-heels-elevated-hip-thrust,https://musclewiki.com/bodyweight/female/glutes/bodyweight-heels-elevated-hip-thrust
Bodyweight Lateral Lunge Jump,"Glutes, Quads",Bodyweight,Intermediate,https://musclewiki.com/bodyweight/male/glutes/bodyweight-lateral-lunge-jump,https://musclewiki.com/bodyweight/female/glutes/bodyweight-lateral-lunge-jump
Bodyweight Pulse Squat,"Glutes, Quads",Bodyweight,Novice,https://musclewiki.com/bodyweight/male/glutes/bodyweight-pulse-squat,https://musclewiki.com/bodyweight/female/glutes/bodyweight-pulse-squat
Bodyweight Single Leg Heels Elevated Hip Thrust,Glutes,Bodyweight,Intermediate,https://musclewiki.com/bodyweight/male/glutes/bodyweight-single-leg-heels-elevated-hip-thrust,https://musclewiki.com/bodyweight/female/glutes/bodyweight-single-leg-heels-elevated-hip-thrust
Bodyweight Swing Lunge,"Glutes, Quads",Bodyweight,Intermediate,https://musclewiki.com/bodyweight/male/glutes/bodyweight-swing-lunge,https://musclewiki.com/bodyweight/female/glutes/bodyweight-swing-lunge
Bodyweight Swingthrough Lunge,"Glutes, Quads",Bodyweight,Intermediate,https://musclewiki.com/bodyweight/male/glutes/bodyweight-swingthrough-lunge,https://musclewiki.com/bodyweight/female/glutes/bodyweight-swingthrough-lunge
In And Out Jump Squat,"Glutes, Quads",Bodyweight,Intermediate,https://musclewiki.com/bodyweight/male/glutes/in-and-out-jump-squat,https://musclewiki.com/bodyweight/female/glutes/in-and-out-jump-squat
Pole Overhead Squat,"Glutes, Shoulders, Lateral Deltoid, Anterior Deltoid, Quads, Front Shoulders",Bodyweight,Beginner,https://musclewiki.com/bodyweight/male/glutes/pole-overhead-squat,https://musclewiki.com/bodyweight/female/glutes/pole-overhead-squat
Bodyweight Pop Squat,"Glutes, Quads",Bodyweight,Novice,https://musclewiki.com/bodyweight/male/glutes/bodyweight-pop-squat,https://musclewiki.com/bodyweight/female/glutes/bodyweight-pop-squat
Bodyweight Alternating Curtsy Lunge,"Glutes, Gluteus Medius, Quads, Inner Thigh, Inner Quadriceps",Bodyweight,Intermediate,https://musclewiki.com/bodyweight/male/glutes/bodyweight-alternating-curtsy-lunge,https://musclewiki.com/bodyweight/female/glutes/bodyweight-alternating-curtsy-lunge
Bodyweight Alternating Lateral Lunge,"Glutes, Quads",Bodyweight,Intermediate,https://musclewiki.com/bodyweight/male/glutes/bodyweight-alternating-lateral-lunge,https://musclewiki.com/bodyweight/female/glutes/bodyweight-alternating-lateral-lunge
Bodyweight Alternating Reverse Lunges,"Glutes, Quads",Bodyweight,Intermediate,https://musclewiki.com/bodyweight/male/glutes/bodyweight-alternating-reverse-lunges,https://musclewiki.com/bodyweight/female/glutes/bodyweight-alternating-reverse-lunges
Bodyweight Hip Abduction,"Glutes, Gluteus Medius",Bodyweight,Novice,https://musclewiki.com/bodyweight/male/glutes/bodyweight-hip-abduction,https://musclewiki.com/bodyweight/female/glutes/bodyweight-hip-abduction
Bodyweight Step Up Knee Drive,"Glutes, Quads",Bodyweight,Intermediate,https://musclewiki.com/bodyweight/male/glutes/step-up-knee-drive,https://musclewiki.com/bodyweight/female/glutes/step-up-knee-drive
Hamstring Bridge With Elevated Legs Box Unilateral,"Glutes, Hamstrings",Bodyweight,Beginner,https://musclewiki.com/bodyweight/male/glutes/hamstring-bridge-with-elevated-legs-box-unilateral,https://musclewiki.com/bodyweight/female/glutes/hamstring-bridge-with-elevated-legs-box-unilateral
Hamstring Bridge With Elevated Legs Box Bilateral,"Glutes, Hamstrings",Bodyweight,Beginner,https://musclewiki.com/bodyweight/male/glutes/hamstring-bridge-with-elevated-legs-box-bilateral,https://musclewiki.com/bodyweight/female/glutes/hamstring-bridge-with-elevated-legs-box-bilateral
Hamstring Bridge Isometric Open Angle,"Glutes, Hamstrings",Bodyweight,Beginner,https://musclewiki.com/bodyweight/male/glutes/hamstring-bridge-isometric-open-angle,https://musclewiki.com/bodyweight/female/glutes/hamstring-bridge-isometric-open-angle
Glute Bridge Isometric Hold Single Alternate,Glutes,Bodyweight,Novice,https://musclewiki.com/bodyweight/male/glutes/glute-bridge-isometric-hold-single-alternate,https://musclewiki.com/bodyweight/female/glutes/glute-bridge-isometric-hold-single-alternate
Glute Bridge Eccentric Unilateral,Glutes,Bodyweight,Novice,https://musclewiki.com/bodyweight/male/glutes/glute-bridge-eccentric-unilateral,https://musclewiki.com/bodyweight/female/glutes/glute-bridge-eccentric-unilateral
Bodyweight Alternating Forward Lunge,"Glutes, Quads",Bodyweight,Advanced,https://musclewiki.com/bodyweight/male/glutes/lunge-alternate,https://musclewiki.com/bodyweight/female/glutes/lunge-alternate
Walking Lunge,"Glutes, Quads",Bodyweight,Intermediate,https://musclewiki.com/bodyweight/male/glutes/lunge-walking,https://musclewiki.com/bodyweight/female/glutes/lunge-walking
Bodyweight Box Squat,"Glutes, Quads",Bodyweight,Novice,https://musclewiki.com/bodyweight/male/glutes/bodyweight-box-squat,https://musclewiki.com/bodyweight/female/glutes/bodyweight-box-squat
Bodyweight Kickstand Squat,"Glutes, Quads",Bodyweight,Beginner,https://musclewiki.com/bodyweight/male/glutes/bodyweight-kickstand-squat,https://musclewiki.com/bodyweight/female/glutes/bodyweight-kickstand-squat
Bodyweight Ninety Ninety Hip Stretch,Glutes,Bodyweight,Novice,https://musclewiki.com/bodyweight/male/glutes/bodyweight-ninety-ninety-hip-stretch,https://musclewiki.com/bodyweight/female/glutes/bodyweight-ninety-ninety-hip-stretch
Bodyweight Single Leg Squat,"Glutes, Quads",Bodyweight,Advanced,https://musclewiki.com/bodyweight/male/glutes/bodyweight-single-leg-squat,https://musclewiki.com/bodyweight/female/glutes/bodyweight-single-leg-squat
Machine Leg Press,"Glutes, Quads",Machine,Novice,https://musclewiki.com/machine/male/glutes/machine-leg-press,https://musclewiki.com/machine/female/glutes/machine-leg-press
Machine Hip Thrust,Glutes,Machine,Novice,https://musclewiki.com/machine/male/glutes/machine-hip-thrust,https://musclewiki.com/machine/female/glutes/machine-hip-thrust
Machine Hack Squat,"Glutes, Quads",Machine,Novice,https://musclewiki.com/machine/male/glutes/machine-hack-squat,https://musclewiki.com/machine/female/glutes/machine-hack-squat
Machine Horizontal Sissy Leg Press,"Glutes, Quads",Machine,Intermediate,https://musclewiki.com/machine/male/glutes/machine-horizontal-sissy-leg-press,https://musclewiki.com/machine/female/glutes/machine-horizontal-sissy-leg-press
Machine Horizontal Leg Press,"Glutes, Quads",Machine,Novice,https://musclewiki.com/machine/male/glutes/machine-horizontal-leg-press,https://musclewiki.com/machine/female/glutes/machine-horizontal-leg-press
Machine Hip Abduction,"Glutes, Gluteus Medius",Machine,Novice,https://musclewiki.com/machine/male/glutes/machine-hip-abduction,https://musclewiki.com/machine/female/glutes/machine-hip-abduction
Machine Hip And Glute Abduction,"Glutes, Gluteus Medius",Machine,Novice,https://musclewiki.com/machine/male/glutes/machine-hip-and-glute-abduction,https://musclewiki.com/machine/female/glutes/machine-hip-and-glute-abduction
Machine Hip And Glute Kickback,Glutes,Machine,Novice,https://musclewiki.com/machine/male/glutes/machine-hip-and-glute-kickback,https://musclewiki.com/machine/female/glutes/machine-hip-and-glute-kickback
Medicine Ball Clean And Press Slam,"Glutes, Gluteus Maximus, Shoulders, Anterior Deltoid, Quads, Inner Quadriceps, Front Shoulders",Medicine-Ball,Intermediate,https://musclewiki.com/medicine-ball/male/glutes/clean-and-press-slam,https://musclewiki.com/medicine-ball/female/glutes/clean-and-press-slam
Medicine Ball Ball Headlock Squat,"Glutes, Gluteus Maximus, Quads, Inner Quadriceps",Medicine-Ball,Beginner,https://musclewiki.com/medicine-ball/male/glutes/ball-headlock-squat,https://musclewiki.com/medicine-ball/female/glutes/ball-headlock-squat
Medicine Ball Ball Offset Squat,"Glutes, Quads",Medicine-Ball,Novice,https://musclewiki.com/medicine-ball/male/glutes/ball-offset-squat,https://musclewiki.com/medicine-ball/female/glutes/ball-offset-squat
Medicine Ball Overhead Reverse Lunge,"Glutes, Gluteus Maximus, Shoulders, Lateral Deltoid, Anterior Deltoid, Quads, Front Shoulders",Medicine-Ball,Intermediate,https://musclewiki.com/medicine-ball/male/glutes/overhead-reverse-lunge,https://musclewiki.com/medicine-ball/female/glutes/overhead-reverse-lunge
Medicine Ball Overhead Squat,"Glutes, Quads",Medicine-Ball,Intermediate,https://musclewiki.com/medicine-ball/male/glutes/overhead-squat,https://musclewiki.com/medicine-ball/female/glutes/overhead-squat
Medicine Ball Reverse Lunge,"Glutes, Quads",Medicine-Ball,Beginner,https://musclewiki.com/medicine-ball/male/glutes/reverse-lunge,https://musclewiki.com/medicine-ball/female/glutes/reverse-lunge
Medicine Ball Reverse Lunge Twist,"Glutes, Quads, Obliques",Medicine-Ball,Intermediate,https://musclewiki.com/medicine-ball/male/glutes/reverse-lunge-twist,https://musclewiki.com/medicine-ball/female/glutes/reverse-lunge-twist
Medicine Ball Self Toss,"Glutes, Gluteus Maximus, Shoulders, Lateral Deltoid, Anterior Deltoid, Quads, Inner Quadriceps, Front Shoulders",Medicine-Ball,Beginner,https://musclewiki.com/medicine-ball/male/glutes/self-toss,https://musclewiki.com/medicine-ball/female/glutes/self-toss
Medicine Ball Squat Reach,"Glutes, Shoulders, Lateral Deltoid, Anterior Deltoid, Quads, Front Shoulders",Medicine-Ball,Beginner,https://musclewiki.com/medicine-ball/male/glutes/squat-reach,https://musclewiki.com/medicine-ball/female/glutes/squat-reach
Medicine Ball Wall Ball,"Glutes, Shoulders, Lateral Deltoid, Anterior Deltoid, Quads, Front Shoulders",Medicine-Ball,Beginner,https://musclewiki.com/medicine-ball/male/glutes/wall-ball,https://musclewiki.com/medicine-ball/female/glutes/wall-ball
Kettlebell Glute Bridge,Glutes,Kettlebells,Novice,https://musclewiki.com/kettlebells/male/glutes/kettlebell-glute-bridge,https://musclewiki.com/kettlebells/female/glutes/kettlebell-glute-bridge
Kettlebell Single Leg Glute Bridge,Glutes,Kettlebells,Intermediate,https://musclewiki.com/kettlebells/male/glutes/kettlebell-single-leg-glute-bridge,https://musclewiki.com/kettlebells/female/glutes/kettlebell-single-leg-glute-bridge
Kettlebell Hip Thrust,Glutes,Kettlebells,Novice,https://musclewiki.com/kettlebells/male/glutes/kettlebell-hip-thrust,https://musclewiki.com/kettlebells/female/glutes/kettlebell-hip-thrust
Kettlebell Single Leg Hip Thrust,Glutes,Kettlebells,Advanced,https://musclewiki.com/kettlebells/male/glutes/kettlebell-single-leg-hip-thrust,https://musclewiki.com/kettlebells/female/glutes/kettlebell-single-leg-hip-thrust
Kettlebell Step Up,"Glutes, Quads",Kettlebells,Beginner,https://musclewiki.com/kettlebells/male/glutes/kettlebell-step-up,https://musclewiki.com/kettlebells/female/glutes/kettlebell-step-up
Kettlebell Goblet Squat,"Glutes, Quads",Kettlebells,Novice,https://musclewiki.com/kettlebells/male/glutes/kettlebell-goblet-squat,https://musclewiki.com/kettlebells/female/glutes/kettlebell-goblet-squat
Kettlebell Heels Up Goblet Squat,"Glutes, Quads",Kettlebells,Novice,https://musclewiki.com/kettlebells/male/glutes/kettlebell-heels-up-goblet-squat,https://musclewiki.com/kettlebells/female/glutes/kettlebell-heels-up-goblet-squat
Kettlebell Single Arm Reverse Lunge,"Glutes, Quads",Kettlebells,Beginner,https://musclewiki.com/kettlebells/male/glutes/kettlebell-single-arm-reverse-lunge,https://musclewiki.com/kettlebells/female/glutes/kettlebell-single-arm-reverse-lunge
Kettlebell Single Arm Forward Lunge,"Glutes, Quads",Kettlebells,Beginner,https://musclewiki.com/kettlebells/male/glutes/kettlebell-single-arm-forward-lunge,https://musclewiki.com/kettlebells/female/glutes/kettlebell-single-arm-forward-lunge
Kettlebell Lateral Lunge (Single),"Glutes, Gluteus Medius, Quads",Kettlebells,Intermediate,https://musclewiki.com/kettlebells/male/glutes/kettlebell-lateral-lunge-single,https://musclewiki.com/kettlebells/female/glutes/kettlebell-lateral-lunge-single
Kettlebell Clean And Press,"Glutes, Shoulders, Lateral Deltoid, Anterior Deltoid, Front Shoulders",Kettlebells,Advanced,https://musclewiki.com/kettlebells/male/glutes/kettlebell-clean-and-press,https://musclewiki.com/kettlebells/female/glutes/kettlebell-clean-and-press
Kettlebell Snatch (Double),"Glutes, Shoulders, Anterior Deltoid, Front Shoulders",Kettlebells,Advanced,https://musclewiki.com/kettlebells/male/glutes/kettlebell-snatch-double,https://musclewiki.com/kettlebells/female/glutes/kettlebell-snatch-double
Kettlebell Figure Four Hip Thrust,Glutes,Kettlebells,Intermediate,https://musclewiki.com/kettlebells/male/glutes/kettlebell-figure-four-hip-thrust,https://musclewiki.com/kettlebells/female/glutes/kettlebell-figure-four-hip-thrust
Kettlebell Forward Lunge (Double),"Glutes, Quads",Kettlebells,Intermediate,https://musclewiki.com/kettlebells/male/glutes/kettlebell-forward-lunge-double,https://musclewiki.com/kettlebells/female/glutes/kettlebell-forward-lunge-double
Kettlebell Lateral Lunge,"Glutes, Gluteus Medius, Quads, Inner Quadriceps",Kettlebells,Intermediate,https://musclewiki.com/kettlebells/male/glutes/kettlebell-lateral-lunge,https://musclewiki.com/kettlebells/female/glutes/kettlebell-lateral-lunge
Kettlebell Reverse Lunge,"Glutes, Quads",Kettlebells,Novice,https://musclewiki.com/kettlebells/male/glutes/kettlebell-reverse-lunge,https://musclewiki.com/kettlebells/female/glutes/kettlebell-reverse-lunge
Kettlebell Single Arm Clean And Press,"Glutes, Shoulders, Lateral Deltoid, Anterior Deltoid, Triceps, Front Shoulders",Kettlebells,Intermediate,https://musclewiki.com/kettlebells/male/glutes/kettlebell-single-arm-clean-and-press,https://musclewiki.com/kettlebells/female/glutes/kettlebell-single-arm-clean-and-press
Kettlebell Single Arm Curtsy Lunge,"Glutes, Gluteus Medius, Gluteus Maximus, Quads, Inner Quadriceps",Kettlebells,Intermediate,https://musclewiki.com/kettlebells/male/glutes/Kettlebell-single-arm-curtsy-lunge,https://musclewiki.com/kettlebells/female/glutes/Kettlebell-single-arm-curtsy-lunge
Kettlebell Single Arm Front Rack Reverse Lunge,"Glutes, Quads",Kettlebells,Intermediate,https://musclewiki.com/kettlebells/male/glutes/kettlebells-single-arm-front-rack-reverse-lunge,https://musclewiki.com/kettlebells/female/glutes/kettlebells-single-arm-front-rack-reverse-lunge
Kettlebell Single Arm Snatch,"Glutes, Shoulders, Anterior Deltoid, Front Shoulders",Kettlebells,Intermediate,https://musclewiki.com/kettlebells/male/glutes/kettlebells-single-arm-snatch,https://musclewiki.com/kettlebells/female/glutes/kettlebells-single-arm-snatch
Kettlebell Step Up Double,"Glutes, Quads",Kettlebells,Beginner,https://musclewiki.com/kettlebells/male/glutes/kettlebell-step-up-double,https://musclewiki.com/kettlebells/female/glutes/kettlebell-step-up-double
Kettlebell Single Arm Step Up Balance,"Glutes, Quads",Kettlebells,Intermediate,https://musclewiki.com/kettlebells/male/glutes/kettlebell-single-arm-step-up-balance,https://musclewiki.com/kettlebells/female/glutes/kettlebell-single-arm-step-up-balance
Kettlebell Kickstand Squat,"Glutes, Quads",Kettlebells,Intermediate,https://musclewiki.com/kettlebells/male/glutes/kettlebell-kickstand-squat,https://musclewiki.com/kettlebells/female/glutes/kettlebell-kickstand-squat
Kettlebell Swing Lunge,"Glutes, Quads",Kettlebells,Intermediate,https://musclewiki.com/kettlebells/male/glutes/kettlebell-swing-lunge,https://musclewiki.com/kettlebells/female/glutes/kettlebell-swing-lunge
Kettlebell Alternating Curtsy Lunge,"Glutes, Gluteus Medius, Gluteus Maximus, Quads, Inner Thigh, Inner Quadriceps",Kettlebells,Intermediate,https://musclewiki.com/kettlebells/male/glutes/kettlebell-alternating-curtsy-lunge,https://musclewiki.com/kettlebells/female/glutes/kettlebell-alternating-curtsy-lunge
Kettlebell Alternating Lateral Lunge,"Glutes, Quads",Kettlebells,Intermediate,https://musclewiki.com/kettlebells/male/glutes/kettlebell-alternating-lateral-lunge,https://musclewiki.com/kettlebells/female/glutes/kettlebell-alternating-lateral-lunge
Kettlebell Alternating Reverse Lunge,"Glutes, Quads",Kettlebells,Intermediate,https://musclewiki.com/kettlebells/male/glutes/kettlebell-alternating-reverse-lunge,https://musclewiki.com/kettlebells/female/glutes/kettlebell-alternating-reverse-lunge
Kettlebell Alternating Forward Lunge,"Glutes, Quads",Kettlebells,Intermediate,https://musclewiki.com/kettlebells/male/glutes/kettlebell-alternating-forward-lunge,https://musclewiki.com/kettlebells/female/glutes/kettlebell-alternating-forward-lunge
Kettlebell Assisted Bulgarian Split Squat,"Glutes, Quads",Kettlebells,Beginner,https://musclewiki.com/kettlebells/male/glutes/kettlebell-assisted-bulgarian-split-squat,https://musclewiki.com/kettlebells/female/glutes/kettlebell-assisted-bulgarian-split-squat
Glutes Stretch Variation Three,Glutes,Stretches,Novice,https://musclewiki.com/stretches/male/glutes/glutes-stretch-variation-three,https://musclewiki.com/stretches/female/glutes/glutes-stretch-variation-three
Glutes Stretch Variation Two,Glutes,Stretches,Novice,https://musclewiki.com/stretches/male/glutes/glutes-stretch-variation-two,https://musclewiki.com/stretches/female/glutes/glutes-stretch-variation-two
Glutes Stretch Variation One,Glutes,Stretches,Novice,https://musclewiki.com/stretches/male/glutes/glutes-stretch-variation-one,https://musclewiki.com/stretches/female/glutes/glutes-stretch-variation-one
Cable Split Squat,"Glutes, Quads",Cables,Advanced,https://musclewiki.com/cables/male/glutes/cable-split-squat,https://musclewiki.com/cables/female/glutes/cable-split-squat
Cable Standing Hip Abduction,"Glutes, Gluteus Medius",Cables,Beginner,https://musclewiki.com/cables/male/glutes/cable-standing-hip-abduction,https://musclewiki.com/cables/female/glutes/cable-standing-hip-abduction
Cable Quadruped Hip Abduction,"Glutes, Gluteus Medius",Cables,Beginner,https://musclewiki.com/cables/male/glutes/cable-quadruped-hip-abduction,https://musclewiki.com/cables/female/glutes/cable-quadruped-hip-abduction
Cable Standing Hip Adduction,"Glutes, Inner Thigh, Groin",Cables,Beginner,https://musclewiki.com/cables/male/glutes/cable-standing-hip-adduction,https://musclewiki.com/cables/female/glutes/cable-standing-hip-adduction
Cable Standing Glute Kickback,"Glutes, Gluteus Maximus",Cables,Beginner,https://musclewiki.com/cables/male/glutes/cable-standing-glute-kickback,https://musclewiki.com/cables/female/glutes/cable-standing-glute-kickback
Band Spanish Squat,"Glutes, Quads",Band,Advanced,https://musclewiki.com/band/male/glutes/band-spanish-squat,https://musclewiki.com/band/female/glutes/band-spanish-squat
Band Glute Kickback,Glutes,Band,Beginner,https://musclewiki.com/band/male/glutes/band-glute-kickback,https://musclewiki.com/band/female/glutes/band-glute-kickback
Band Leg Press,"Glutes, Quads",Band,Advanced,https://musclewiki.com/band/male/glutes/band-leg-press,https://musclewiki.com/band/female/glutes/band-leg-press
Band Squat,"Glutes, Quads",Band,Novice,https://musclewiki.com/band/male/glutes/band-squat,https://musclewiki.com/band/female/glutes/band-squat
Band Hip Abduction,"Glutes, Gluteus Medius",Band,Beginner,https://musclewiki.com/band/male/glutes/band-hip-abduction,https://musclewiki.com/band/female/glutes/band-hip-abduction
Band Hip Adduction,"Glutes, Inner Thigh, Groin",Band,Intermediate,https://musclewiki.com/band/male/glutes/band-hip-adduction,https://musclewiki.com/band/female/glutes/band-hip-adduction
Banded Side Walks,"Glutes, Gluteus Medius",Band,Beginner,https://musclewiki.com/band/male/glutes/side-walks-resisted,https://musclewiki.com/band/female/glutes/side-walks-resisted
Plate Squat,"Glutes, Quads",Plate,Novice,https://musclewiki.com/plate/male/glutes/plate-squat,https://musclewiki.com/plate/female/glutes/plate-squat
Plate Clean And Press,"Glutes, Shoulders, Lateral Deltoid, Anterior Deltoid, Front Shoulders",Plate,Intermediate,https://musclewiki.com/plate/male/glutes/plate-clean-and-press,https://musclewiki.com/plate/female/glutes/plate-clean-and-press
Plate Squat Reach,"Glutes, Shoulders, Anterior Deltoid, Quads, Front Shoulders",Plate,Beginner,https://musclewiki.com/plate/male/glutes/plate-squat-reach,https://musclewiki.com/plate/female/glutes/plate-squat-reach
Plate Clean,Glutes,Plate,Intermediate,https://musclewiki.com/plate/male/glutes/plate-clean,https://musclewiki.com/plate/female/glutes/plate-clean
Plate Squat Hold Reach,"Glutes, Shoulders, Anterior Deltoid, Triceps, Quads, Front Shoulders",Plate,Intermediate,https://musclewiki.com/plate/male/glutes/plate-squat-hold-reach,https://musclewiki.com/plate/female/glutes/plate-squat-hold-reach
Plate Curtsy Lunge,"Glutes, Gluteus Medius, Gluteus Maximus, Quads, Inner Thigh, Inner Quadriceps",Plate,Intermediate,https://musclewiki.com/plate/male/glutes/plate-curtsy-lunge,https://musclewiki.com/plate/female/glutes/plate-curtsy-lunge
Plate Lateral Lunge,"Glutes, Quads",Plate,Novice,https://musclewiki.com/plate/male/glutes/plate-lateral-lunge,https://musclewiki.com/plate/female/glutes/plate-lateral-lunge
Plate Forward Lunge,"Glutes, Quads",Plate,Novice,https://musclewiki.com/plate/male/glutes/plate-forward-lunge,https://musclewiki.com/plate/female/glutes/plate-forward-lunge
Plate Reverse Lunge Twist,"Glutes, Quads, Obliques",Plate,Intermediate,https://musclewiki.com/plate/male/glutes/plate-reverse-lunge-twist,https://musclewiki.com/plate/female/glutes/plate-reverse-lunge-twist
Plate Reverse Lunge,"Glutes, Quads",Plate,Novice,https://musclewiki.com/plate/male/glutes/plate-reverse-lunge,https://musclewiki.com/plate/female/glutes/plate-reverse-lunge
Plate Overhead Squat,"Glutes, Quads",Plate,Intermediate,https://musclewiki.com/plate/male/glutes/plate-overhead-squat,https://musclewiki.com/plate/female/glutes/plate-overhead-squat
Plate Deficit Lunge,"Glutes, Quads",Plate,Advanced,https://musclewiki.com/plate/male/glutes/plate-deficit-lunge,https://musclewiki.com/plate/female/glutes/plate-deficit-lunge
Plate Glute Bridge to Chest Press,"Glutes, Chest",Plate,Beginner,https://musclewiki.com/plate/male/glutes/plate-glute-bridge-to-chest-press,https://musclewiki.com/plate/female/glutes/plate-glute-bridge-to-chest-press
Plate Glute Bridge to Pullover,"Glutes, Lats",Plate,Beginner,https://musclewiki.com/plate/male/glutes/plate-glute-bridge-to-pullover,https://musclewiki.com/plate/female/glutes/plate-glute-bridge-to-pullover
Plate Overhead Walking Lunge,"Glutes, Quads",Plate,Intermediate,https://musclewiki.com/plate/male/glutes/plate-overhead-walking-lunge,https://musclewiki.com/plate/female/glutes/plate-overhead-walking-lunge
Plate Squat Hold,"Glutes, Quads",Plate,Novice,https://musclewiki.com/plate/male/glutes/plate-squat-hold,https://musclewiki.com/plate/female/glutes/plate-squat-hold
Plate Thruster,"Glutes, Shoulders, Lateral Deltoid, Anterior Deltoid, Quads, Front Shoulders",Plate,Intermediate,https://musclewiki.com/plate/male/glutes/plate-thruster,https://musclewiki.com/plate/female/glutes/plate-thruster
TRX Curtsy Lunge,"Glutes, Quads",TRX,Beginner,https://musclewiki.com/trx/male/glutes/trx-curtsy-lunge,https://musclewiki.com/trx/female/glutes/trx-curtsy-lunge
TRX Glute Bridge,Glutes,TRX,Beginner,https://musclewiki.com/trx/male/glutes/trx-glute-bridge,https://musclewiki.com/trx/female/glutes/trx-glute-bridge
TRX Jumping Squat,"Glutes, Quads",TRX,Intermediate,https://musclewiki.com/trx/male/glutes/trx-jumping-squat,https://musclewiki.com/trx/female/glutes/trx-jumping-squat
TRX Lateral Lunge,"Glutes, Quads",TRX,Novice,https://musclewiki.com/trx/male/glutes/trx-lateral-lunge,https://musclewiki.com/trx/female/glutes/trx-lateral-lunge
TRX Reverse Lunge,"Glutes, Quads",TRX,Novice,https://musclewiki.com/trx/male/glutes/trx-reverse-lunge,https://musclewiki.com/trx/female/glutes/trx-reverse-lunge
TRX Split Squat,"Glutes, Quads",TRX,Novice,https://musclewiki.com/trx/male/glutes/trx-split-squat,https://musclewiki.com/trx/female/glutes/trx-split-squat
TRX Squat,"Glutes, Quads",TRX,Novice,https://musclewiki.com/trx/male/glutes/trx-squat,https://musclewiki.com/trx/female/glutes/trx-squat
Double Pigeon Pose,Glutes,Yoga,Beginner,https://musclewiki.com/yoga/male/glutes/double-pigeon-pose,https://musclewiki.com/yoga/female/glutes/double-pigeon-pose
Half Lotus,Glutes,Yoga,Beginner,https://musclewiki.com/yoga/male/glutes/half-lotus,https://musclewiki.com/yoga/female/glutes/half-lotus
Pigeon Pose,Glutes,Yoga,Beginner,https://musclewiki.com/yoga/male/glutes/pigeon-pose,https://musclewiki.com/yoga/female/glutes/pigeon-pose
Reclining Pigeon Pose,Glutes,Yoga,Beginner,https://musclewiki.com/yoga/male/glutes/reclining-pigeon-pose,https://musclewiki.com/yoga/female/glutes/reclining-pigeon-pose
Restful Cow Face Pose Legs,Glutes,Yoga,Intermediate,https://musclewiki.com/yoga/male/glutes/restful-cow-face-pose-legs,https://musclewiki.com/yoga/female/glutes/restful-cow-face-pose-legs
Bosu Ball Burpee,"Glutes, Quads, Chest",Bosu-Ball,Intermediate,https://musclewiki.com/bosu-ball/male/glutes/bosu-ball-burpee,https://musclewiki.com/bosu-ball/female/glutes/bosu-ball-burpee
Bosu Ball Feet Elevated Glute Bridge,Glutes,Bosu-Ball,Beginner,https://musclewiki.com/bosu-ball/male/glutes/feet-elevated-glute-bridge,https://musclewiki.com/bosu-ball/female/glutes/feet-elevated-glute-bridge
Bosu Ball Half Burpee,"Glutes, Quads, Chest",Bosu-Ball,Beginner,https://musclewiki.com/bosu-ball/male/glutes/half-burpee,https://musclewiki.com/bosu-ball/female/glutes/half-burpee
Bosu Ball Hip Thrust,Glutes,Bosu-Ball,Beginner,https://musclewiki.com/bosu-ball/male/glutes/bosu-ball-hip-thrust,https://musclewiki.com/bosu-ball/female/glutes/bosu-ball-hip-thrust
Bosu Ball Lateral Lunge,"Glutes, Gluteus Medius, Quads",Bosu-Ball,Intermediate,https://musclewiki.com/bosu-ball/male/glutes/bosu-ball-lateral-lunge,https://musclewiki.com/bosu-ball/female/glutes/bosu-ball-lateral-lunge
Bosu Ball Reverse Lunge,"Glutes, Quads",Bosu-Ball,Intermediate,https://musclewiki.com/bosu-ball/male/glutes/reverse-lunge,https://musclewiki.com/bosu-ball/female/glutes/reverse-lunge
Bosu Ball Single Leg Elevated Glute Bridge,Glutes,Bosu-Ball,Intermediate,https://musclewiki.com/bosu-ball/male/glutes/single-leg-elevated-glute-bridge,https://musclewiki.com/bosu-ball/female/glutes/single-leg-elevated-glute-bridge
Bosu Ball Split Squat,"Glutes, Quads",Bosu-Ball,Intermediate,https://musclewiki.com/bosu-ball/male/glutes/split-squat,https://musclewiki.com/bosu-ball/female/glutes/split-squat
Bosu Ball Squat,"Glutes, Quads",Bosu-Ball,Novice,https://musclewiki.com/bosu-ball/male/glutes/squat,https://musclewiki.com/bosu-ball/female/glutes/squat
Vitruvian Belt Squat,"Glutes, Quads",Vitruvian,Intermediate,https://musclewiki.com/vitruvian/male/glutes/belt-squat,https://musclewiki.com/vitruvian/female/glutes/belt-squat
Vitruvian Deficit Lunge,"Glutes, Quads",Vitruvian,Intermediate,https://musclewiki.com/vitruvian/male/glutes/deficit-lunge,https://musclewiki.com/vitruvian/female/glutes/deficit-lunge
Vitruvian Figure Four Hip Thrust,Glutes,Vitruvian,Advanced,https://musclewiki.com/vitruvian/male/glutes/figure-four-hip-thrust,https://musclewiki.com/vitruvian/female/glutes/figure-four-hip-thrust
Vitruvian Front Squat,"Glutes, Quads",Vitruvian,Intermediate,https://musclewiki.com/vitruvian/male/glutes/front-squat,https://musclewiki.com/vitruvian/female/glutes/front-squat
Vitruvian Hip Thrust,Glutes,Vitruvian,Beginner,https://musclewiki.com/vitruvian/male/glutes/vitruvian-hip-thrust,https://musclewiki.com/vitruvian/female/glutes/vitruvian-hip-thrust
Cardio Assault Bike,"Glutes, Shoulders, Anterior Deltoid, Quads, Chest, Front Shoulders",Cardio,Novice,https://musclewiki.com/cardio/male/glutes/cardio-assault-bike,https://musclewiki.com/cardio/female/glutes/cardio-assault-bike
Cardio Karaoke,"Glutes, Quads",Cardio,Intermediate,https://musclewiki.com/cardio/male/glutes/cardio-karaoke,https://musclewiki.com/cardio/female/glutes/cardio-karaoke
Cardio Row Erg Rower Legs Only,"Glutes, Quads",Cardio,Beginner,https://musclewiki.com/cardio/male/glutes/cardio-row-erg-rower-legs-only,https://musclewiki.com/cardio/female/glutes/cardio-row-erg-rower-legs-only
Cardio Skater,Glutes,Cardio,Beginner,https://musclewiki.com/cardio/male/glutes/cardio-skater,https://musclewiki.com/cardio/female/glutes/cardio-skater
Cardio Step Out Jacks,"Glutes, Front Shoulders",Cardio,Beginner,https://musclewiki.com/cardio/male/glutes/cardio-step-out-jacks,https://musclewiki.com/cardio/female/glutes/cardio-step-out-jacks
Treadmill Side Shuffle,"Glutes, Gluteus Medius",Cardio,Beginner,https://musclewiki.com/cardio/male/glutes/treadmill-side-shuffle,https://musclewiki.com/cardio/female/glutes/treadmill-side-shuffle
Stationary Bike,"Glutes, Quads",Cardio,Novice,https://musclewiki.com/cardio/male/glutes/stationary-bike,https://musclewiki.com/cardio/female/glutes/stationary-bike
Smith Machine Glute Kickback,Glutes,Smith-Machine,Intermediate,https://musclewiki.com/smith-machine/male/glutes/smith-machine-glute-kickback,https://musclewiki.com/smith-machine/female/glutes/smith-machine-glute-kickback
Smith Machine Leg Press,"Glutes, Quads",Smith-Machine,Intermediate,https://musclewiki.com/smith-machine/male/glutes/smith-machine-leg-press,https://musclewiki.com/smith-machine/female/glutes/smith-machine-leg-press
Smith Machine Single Leg Hip Thrust,Glutes,Smith-Machine,Intermediate,https://musclewiki.com/smith-machine/male/glutes/smith-machine-single-leg-hip-thrust,https://musclewiki.com/smith-machine/female/glutes/smith-machine-single-leg-hip-thrust
Smith Machine Hip Thrust,"Glutes, Gluteus Maximus",Smith-Machine,Novice,https://musclewiki.com/smith-machine/male/glutes/smith-machine-hip-thrust,https://musclewiki.com/smith-machine/female/glutes/smith-machine-hip-thrust
Smith Machine Split Squat,"Glutes, Quads",Smith-Machine,Intermediate,https://musclewiki.com/smith-machine/male/glutes/smith-machine-split-squat,https://musclewiki.com/smith-machine/female/glutes/smith-machine-split-squat
Smith Machine Reverse Lunge,"Glutes, Quads",Smith-Machine,Intermediate,https://musclewiki.com/smith-machine/male/glutes/smith-machine-reverse-lunge,https://musclewiki.com/smith-machine/female/glutes/smith-machine-reverse-lunge
Smith Machine Narrow Stance Squat,"Glutes, Quads",Smith-Machine,Beginner,https://musclewiki.com/smith-machine/male/glutes/smith-machine-narrow-stance-squat,https://musclewiki.com/smith-machine/female/glutes/smith-machine-narrow-stance-squat
Glute Hip Rotator Stretch 3 Seated,Glutes,Recovery,Beginner,https://musclewiki.com/recovery/male/glutes/glute-hip-rotator-stretch-3-seated,https://musclewiki.com/recovery/female/glutes/glute-hip-rotator-stretch-3-seated
Bosu Ball Single Leg Squat,"Glutes, Quads",Recovery,Beginner,https://musclewiki.com/recovery/male/glutes/squat-on-bosu-ball-single-leg,https://musclewiki.com/recovery/female/glutes/squat-on-bosu-ball-single-leg
Single Leg Eccentric Box Squat,"Glutes, Quads",Recovery,Beginner,https://musclewiki.com/recovery/male/glutes/squat-unilateral-eccentric-box,https://musclewiki.com/recovery/female/glutes/squat-unilateral-eccentric-box
Single Leg Concentric Squat,"Glutes, Quads",Recovery,Beginner,https://musclewiki.com/recovery/male/glutes/squat-concentric-single-leg,https://musclewiki.com/recovery/female/glutes/squat-concentric-single-leg
Skater Squat,"Glutes, Quads",Recovery,Intermediate,https://musclewiki.com/recovery/male/glutes/skater-squat,https://musclewiki.com/recovery/female/glutes/skater-squat
Side Step On And Off Box,"Glutes, Quads",Recovery,Beginner,https://musclewiki.com/recovery/male/glutes/side-step-on-and-off-box,https://musclewiki.com/recovery/female/glutes/side-step-on-and-off-box
Band Glute Kickback Hold,Glutes,Recovery,Beginner,https://musclewiki.com/recovery/male/glutes/hip-extension-standing-resisted-isometric,https://musclewiki.com/recovery/female/glutes/hip-extension-standing-resisted-isometric
Hip Extension Into Side Flexion,Glutes,Recovery,Beginner,https://musclewiki.com/recovery/male/glutes/hip-extension-into-side-flexion,https://musclewiki.com/recovery/female/glutes/hip-extension-into-side-flexion
Prone Single Leg Hip Extension Hold,Glutes,Recovery,Beginner,https://musclewiki.com/recovery/male/glutes/hip-extension-prone-unilateral-isometric,https://musclewiki.com/recovery/female/glutes/hip-extension-prone-unilateral-isometric
Hip Extension External Rotation Pulses 4Pt Position,Glutes,Recovery,Beginner,https://musclewiki.com/recovery/male/glutes/hip-extension-external-rotation-pulses-4pt-position,https://musclewiki.com/recovery/female/glutes/hip-extension-external-rotation-pulses-4pt-position
Hip Extension External Rotation 4Pt Position,Glutes,Recovery,Beginner,https://musclewiki.com/recovery/male/glutes/hip-extension-external-rotation-4pt-position,https://musclewiki.com/recovery/female/glutes/hip-extension-external-rotation-4pt-position
Hip Extension 4Pt Position Hold,Glutes,Recovery,Beginner,https://musclewiki.com/recovery/male/glutes/hip-extension-4pt-position-isometric,https://musclewiki.com/recovery/female/glutes/hip-extension-4pt-position-isometric
Glute Piriformis Mobilisation 1 Floor Seated Lacrosse Ball,Glutes,Recovery,Beginner,https://musclewiki.com/recovery/male/glutes/glute-piriformis-mobilisation-1-floor-seated-lacrosse-ball,https://musclewiki.com/recovery/female/glutes/glute-piriformis-mobilisation-1-floor-seated-lacrosse-ball
Glute Hip Rotator Stretch 2 Seated,Glutes,Recovery,Beginner,https://musclewiki.com/recovery/male/glutes/glute-hip-rotator-stretch-2-seated,https://musclewiki.com/recovery/female/glutes/glute-hip-rotator-stretch-2-seated
Glute Hip Rotator Stretch 1 Seated,Glutes,Recovery,Beginner,https://musclewiki.com/recovery/male/glutes/glute-hip-rotator-stretch-1-seated,https://musclewiki.com/recovery/female/glutes/glute-hip-rotator-stretch-1-seated
Glute Hip Rotator Stretch Supine,Glutes,Recovery,Beginner,https://musclewiki.com/recovery/male/glutes/glute-hip-rotator-stretch-supine,https://musclewiki.com/recovery/female/glutes/glute-hip-rotator-stretch-supine
Glute Stretch Knee Pull Dynamic Standing,Glutes,Recovery,Beginner,https://musclewiki.com/recovery/male/glutes/glute-stretch-knee-pull-dynamic-standing-unilateral,https://musclewiki.com/recovery/female/glutes/glute-stretch-knee-pull-dynamic-standing-unilateral
Glute Stretch Static Unilateral,Glutes,Recovery,Beginner,https://musclewiki.com/recovery/male/glutes/glute-stretch-static-unilateral,https://musclewiki.com/recovery/female/glutes/glute-stretch-static-unilateral
Clock Taps,"Glutes, Quads",Recovery,Intermediate,https://musclewiki.com/recovery/male/glutes/clock-taps,https://musclewiki.com/recovery/female/glutes/clock-taps
Clamshells 4 Side Lying Resisted,"Glutes, Gluteus Medius",Recovery,Intermediate,https://musclewiki.com/recovery/male/glutes/clamshells-4-side-lying-resisted,https://musclewiki.com/recovery/female/glutes/clamshells-4-side-lying-resisted
Clamshells 3 Internal External Rotations Side Lying,"Glutes, Gluteus Medius",Recovery,Intermediate,https://musclewiki.com/recovery/male/glutes/clamshells-3-internal-external-rotations-side-lying,https://musclewiki.com/recovery/female/glutes/clamshells-3-internal-external-rotations-side-lying
Clamshells 2 Side Lying,"Glutes, Gluteus Medius",Recovery,Intermediate,https://musclewiki.com/recovery/male/glutes/clamshells-2-side-lying,https://musclewiki.com/recovery/female/glutes/clamshells-2-side-lying
Clamshells 1 Side Lying,"Glutes, Gluteus Medius",Recovery,Intermediate,https://musclewiki.com/recovery/male/glutes/clamshells-1-side-lying,https://musclewiki.com/recovery/female/glutes/clamshells-1-side-lying
Jump On And Off Box,"Glutes, Quads",Recovery,Beginner,https://musclewiki.com/recovery/male/glutes/jump-on-and-off-box,https://musclewiki.com/recovery/female/glutes/jump-on-and-off-box
Jump Off Box Single Leg Landing,"Glutes, Quads",Recovery,Beginner,https://musclewiki.com/recovery/male/glutes/jump-off-box-single-leg-landing,https://musclewiki.com/recovery/female/glutes/jump-off-box-single-leg-landing
Jump Into Single Leg Landing,"Glutes, Quads",Recovery,Beginner,https://musclewiki.com/recovery/male/glutes/jump-bilateral-into-unilateral-landing,https://musclewiki.com/recovery/female/glutes/jump-bilateral-into-unilateral-landing
Infinity Loop Standing Hip Mobility,"Glutes, Rectus Femoris",Recovery,Beginner,https://musclewiki.com/recovery/male/glutes/infinity-loop-standing-hip-mobility,https://musclewiki.com/recovery/female/glutes/infinity-loop-standing-hip-mobility
Band Hip Thrust,Glutes,Recovery,Novice,https://musclewiki.com/recovery/male/glutes/hip-thrust-standing-resisted,https://musclewiki.com/recovery/female/glutes/hip-thrust-standing-resisted
Hip Openers,"Glutes, Shoulders, Anterior Deltoid, Posterior Deltoid, Chest, Front Shoulders, Rear Shoulders",Recovery,Novice,https://musclewiki.com/recovery/male/glutes/hip-openers,https://musclewiki.com/recovery/female/glutes/hip-openers
Abductor Leg Raise Side Lying Isometric,"Glutes, Gluteus Medius",Recovery,Beginner,https://musclewiki.com/recovery/male/glutes/abductor-leg-raise-side-lying-isometric,https://musclewiki.com/recovery/female/glutes/abductor-leg-raise-side-lying-isometric
Abductor Leg Raise Side Lying,"Glutes, Gluteus Medius",Recovery,Beginner,https://musclewiki.com/recovery/male/glutes/abductor-leg-raise-side-lying,https://musclewiki.com/recovery/female/glutes/abductor-leg-raise-side-lying
Gluteus Medius,,,,,
Barbell Curtsy Lunge,"Glutes, Gluteus Medius, Quads, Inner Thigh, Inner Quadriceps","Barbell, Advanced",Advanced,"https://musclewiki.com/barbell/male/glutes/barbell-curtsy-lunge, Male|Female","https://musclewiki.com/barbell/female/glutes/barbell-curtsy-lunge, Barbell"
Medicine Ball Hip Abduction,Gluteus Medius,Medicine-Ball,Beginner,https://musclewiki.com/medicine-ball/male/gluteus-medius/hip-abduction,https://musclewiki.com/medicine-ball/female/gluteus-medius/hip-abduction
Medicine Ball Lateral Lunge Slam,"Gluteus Medius, Quads, Inner Quadriceps",Medicine-Ball,Intermediate,https://musclewiki.com/medicine-ball/male/gluteus-medius/medicine-ball-lateral-lunge-slam,https://musclewiki.com/medicine-ball/female/gluteus-medius/medicine-ball-lateral-lunge-slam
Medicine Ball Press Jack,"Gluteus Medius, Shoulders, Anterior Deltoid, Front Shoulders",Medicine-Ball,Beginner,https://musclewiki.com/medicine-ball/male/gluteus-medius/press-jack,https://musclewiki.com/medicine-ball/female/gluteus-medius/press-jack
Bosu Ball Hand Sideplank Hip Abduction,"Gluteus Medius, Obliques",Bosu-Ball,Advanced,https://musclewiki.com/bosu-ball/male/gluteus-medius/hand-sideplank-hip-abduction,https://musclewiki.com/bosu-ball/female/gluteus-medius/hand-sideplank-hip-abduction
Cardio Band Press Jacks,"Gluteus Medius, Shoulders, Lateral Deltoid, Anterior Deltoid, Triceps, Front Shoulders",Cardio,Beginner,https://musclewiki.com/cardio/male/gluteus-medius/cardio-band-press-jacks,https://musclewiki.com/cardio/female/gluteus-medius/cardio-band-press-jacks
Cardio Band Reverse Fly Jacks,"Gluteus Medius, Posterior Deltoid, Rear Shoulders",Cardio,Beginner,https://musclewiki.com/cardio/male/gluteus-medius/cardio-band-reverse-fly-jacks,https://musclewiki.com/cardio/female/gluteus-medius/cardio-band-reverse-fly-jacks
Cardio Band Seal Jacks,"Gluteus Medius, Chest",Cardio,Beginner,https://musclewiki.com/cardio/male/gluteus-medius/cardio-band-seal-jacks,https://musclewiki.com/cardio/female/gluteus-medius/cardio-band-seal-jacks
Cardio Jumping Jacks,"Gluteus Medius, Shoulders, Lateral Deltoid, Anterior Deltoid, Front Shoulders",Cardio,Beginner,https://musclewiki.com/cardio/male/gluteus-medius/cardio-jumping-jacks,https://musclewiki.com/cardio/female/gluteus-medius/cardio-jumping-jacks
Gluteus Maximus,,,,,
Smith Machine Squat,"Gluteus Maximus, Quads, Inner Thigh, Inner Quadriceps",Smith-Machine,Beginner,https://musclewiki.com/smith-machine/male/gluteus-maximus/smith-machine-squat,https://musclewiki.com/smith-machine/female/gluteus-maximus/smith-machine-squat
Hamstrings,,,,,
Dumbbell Leg Curl,Hamstrings,Dumbbells,Beginner,https://musclewiki.com/dumbbells/male/hamstrings/dumbbell-leg-curl,https://musclewiki.com/dumbbells/female/hamstrings/dumbbell-leg-curl
Nordic Hamstring Curl,Hamstrings,Bodyweight,Intermediate,https://musclewiki.com/bodyweight/male/hamstrings/nordic-hamstring-curl,https://musclewiki.com/bodyweight/female/hamstrings/nordic-hamstring-curl
Bodyweight Reverse Lunge,"Hamstrings, Quads",Bodyweight,Novice,https://musclewiki.com/bodyweight/male/hamstrings/bodyweight-reverse-lunge,https://musclewiki.com/bodyweight/female/hamstrings/bodyweight-reverse-lunge
Single Leg Slider Hamstring Curl 2,Hamstrings,Bodyweight,Beginner,https://musclewiki.com/bodyweight/male/hamstrings/hamstring-curl-2-supine-single-leg-slider,https://musclewiki.com/bodyweight/female/hamstrings/hamstring-curl-2-supine-single-leg-slider
Slider Hamstring Curl Single Leg,Hamstrings,Bodyweight,Beginner,https://musclewiki.com/bodyweight/male/hamstrings/hamstring-curl-1-supine-single-leg-slider,https://musclewiki.com/bodyweight/female/hamstrings/hamstring-curl-1-supine-single-leg-slider
Bodyweight Standing Hamstring Curl,Hamstrings,Bodyweight,Novice,https://musclewiki.com/bodyweight/male/hamstrings/hamstring-curl-standing-bodyweight-single-leg,https://musclewiki.com/bodyweight/female/hamstrings/hamstring-curl-standing-bodyweight-single-leg
Slider Hamstring Curl,Hamstrings,Bodyweight,Intermediate,https://musclewiki.com/bodyweight/male/hamstrings/hamstring-curl-supine-bilateral-slider,https://musclewiki.com/bodyweight/female/hamstrings/hamstring-curl-supine-bilateral-slider
Bodyweight Standing Hamstring Curl Isometric,Hamstrings,Bodyweight,Beginner,https://musclewiki.com/bodyweight/male/hamstrings/hamstring-curl-standing-isometric-bodyweight-single-leg,https://musclewiki.com/bodyweight/female/hamstrings/hamstring-curl-standing-isometric-bodyweight-single-leg
Slider Hamstring Curl Eccentric,Hamstrings,Bodyweight,Intermediate,https://musclewiki.com/bodyweight/male/hamstrings/hamstring-curl-eccentric-supine-bilateral-sliders,https://musclewiki.com/bodyweight/female/hamstrings/hamstring-curl-eccentric-supine-bilateral-sliders
Bodyweight Single Leg Balance Stable,Hamstrings,Bodyweight,Novice,https://musclewiki.com/bodyweight/male/hamstrings/bodyweight-single-leg-balance-stable,https://musclewiki.com/bodyweight/female/hamstrings/bodyweight-single-leg-balance-stable
Machine Hamstring Curl,"Hamstrings, Medial Hamstrings",Machine,Novice,https://musclewiki.com/machine/male/hamstrings/machine-hamstring-curl,https://musclewiki.com/machine/female/hamstrings/machine-hamstring-curl
Glute Ham Raise,"Hamstrings, Medial Hamstrings",Machine,Intermediate,https://musclewiki.com/machine/male/hamstrings/glute-ham-raise,https://musclewiki.com/machine/female/hamstrings/glute-ham-raise
Seated Leg Curl,"Hamstrings, Medial Hamstrings",Machine,Novice,https://musclewiki.com/machine/male/hamstrings/seated-leg-curl,https://musclewiki.com/machine/female/hamstrings/seated-leg-curl
Machine Seated Leg Curl,"Hamstrings, Medial Hamstrings",Machine,Novice,https://musclewiki.com/machine/male/hamstrings/machine-seated-leg-curl,https://musclewiki.com/machine/female/hamstrings/machine-seated-leg-curl
Hamstrings Stretch Variation Four,Hamstrings,Stretches,Beginner,https://musclewiki.com/stretches/male/hamstrings/hamstrings-stretch-variation-four,https://musclewiki.com/stretches/female/hamstrings/hamstrings-stretch-variation-four
Hamstrings Stretch Variation Three,Hamstrings,Stretches,Beginner,https://musclewiki.com/stretches/male/hamstrings/hamstrings-stretch-variation-three,https://musclewiki.com/stretches/female/hamstrings/hamstrings-stretch-variation-three
Hamstrings Stretch Variation Two,Hamstrings,Stretches,Beginner,https://musclewiki.com/stretches/male/hamstrings/hamstrings-stretch-variation-two,https://musclewiki.com/stretches/female/hamstrings/hamstrings-stretch-variation-two
Hamstrings Stretch Variation One,Hamstrings,Stretches,Beginner,https://musclewiki.com/stretches/male/hamstrings/hamstrings-stretch-variation-one,https://musclewiki.com/stretches/female/hamstrings/hamstrings-stretch-variation-one
Cable Hamstring Curl,"Hamstrings, Medial Hamstrings",Cables,Advanced,https://musclewiki.com/cables/male/hamstrings/cable-hamstring-curl,https://musclewiki.com/cables/female/hamstrings/cable-hamstring-curl
Cable Seated Leg Curl,"Hamstrings, Medial Hamstrings",Cables,Advanced,https://musclewiki.com/cables/male/hamstrings/cable-seated-leg-curl,https://musclewiki.com/cables/female/hamstrings/cable-seated-leg-curl
Cable Single Leg Laying Leg Curl,"Hamstrings, Medial Hamstrings",Cables,Advanced,https://musclewiki.com/cables/male/hamstrings/cable-single-leg-laying-leg-curl,https://musclewiki.com/cables/female/hamstrings/cable-single-leg-laying-leg-curl
Band Leg Curl,Hamstrings,Band,Beginner,https://musclewiki.com/band/male/hamstrings/band-leg-curl,https://musclewiki.com/band/female/hamstrings/band-leg-curl
TRX Hamstring Curl,"Hamstrings, Medial Hamstrings",TRX,Beginner,https://musclewiki.com/trx/male/hamstrings/trx-hamstring-curl,https://musclewiki.com/trx/female/hamstrings/trx-hamstring-curl
Half Monkey Pose,Hamstrings,Yoga,Beginner,https://musclewiki.com/yoga/male/hamstrings/half-monkey-pose,https://musclewiki.com/yoga/female/hamstrings/half-monkey-pose
Seated Forward Bend,Hamstrings,Yoga,Beginner,https://musclewiki.com/yoga/male/hamstrings/seated-forward-bend,https://musclewiki.com/yoga/female/hamstrings/seated-forward-bend
Pyramid Pose Blocks,Hamstrings,Yoga,Beginner,https://musclewiki.com/yoga/male/hamstrings/pyramid-pose-blocks,https://musclewiki.com/yoga/female/hamstrings/pyramid-pose-blocks
Pyramid Pose,Hamstrings,Yoga,Beginner,https://musclewiki.com/yoga/male/hamstrings/pyramid-pose,https://musclewiki.com/yoga/female/hamstrings/pyramid-pose
Standing Forward Bend Blocks,Hamstrings,Yoga,Beginner,https://musclewiki.com/yoga/male/hamstrings/standing-forward-bend-blocks,https://musclewiki.com/yoga/female/hamstrings/standing-forward-bend-blocks
Standing Forward Bend,Hamstrings,Yoga,Beginner,https://musclewiki.com/yoga/male/hamstrings/standing-forward-bend,https://musclewiki.com/yoga/female/hamstrings/standing-forward-bend
Warrior Three,Hamstrings,Yoga,Intermediate,https://musclewiki.com/yoga/male/hamstrings/warrior-three,https://musclewiki.com/yoga/female/hamstrings/warrior-three
Wide Legged Standing Forward Bend Holding Heels,Hamstrings,Yoga,Beginner,https://musclewiki.com/yoga/male/hamstrings/wide-legged-standing-forward-bend-holding-heels,https://musclewiki.com/yoga/female/hamstrings/wide-legged-standing-forward-bend-holding-heels
Butt Kick,Hamstrings,Cardio,Novice,https://musclewiki.com/cardio/male/hamstrings/butt-kick,https://musclewiki.com/cardio/female/hamstrings/butt-kick
Hamstring Stretch Supine Glide,Hamstrings,Recovery,Beginner,https://musclewiki.com/recovery/male/hamstrings/hamstring-stretch-supine-glide,https://musclewiki.com/recovery/female/hamstrings/hamstring-stretch-supine-glide
Hamstring Stretch Supine Dynamic Band,Hamstrings,Recovery,Beginner,https://musclewiki.com/recovery/male/hamstrings/hamstring-stretch-supine-dynamic,https://musclewiki.com/recovery/female/hamstrings/hamstring-stretch-supine-dynamic
Hamstring Stretch Supine Static,Hamstrings,Recovery,Beginner,https://musclewiki.com/recovery/male/hamstrings/hamstring-stretch-supine-static,https://musclewiki.com/recovery/female/hamstrings/hamstring-stretch-supine-static
Hamstring Stretch Static Standing Single Leg,Hamstrings,Recovery,Beginner,https://musclewiki.com/recovery/male/hamstrings/hamstring-stretch-static-standing-single-leg,https://musclewiki.com/recovery/female/hamstrings/hamstring-stretch-static-standing-single-leg
Hamstring Stretch Seated Single Leg Isometric,Hamstrings,Recovery,Beginner,https://musclewiki.com/recovery/male/hamstrings/hamstring-stretch-seated-single-leg-isometric,https://musclewiki.com/recovery/female/hamstrings/hamstring-stretch-seated-single-leg-isometric
Hamstring Stretch Seated Single Leg,Hamstrings,Recovery,Beginner,https://musclewiki.com/recovery/male/hamstrings/hamstring-stretch-seated-single-leg,https://musclewiki.com/recovery/female/hamstrings/hamstring-stretch-seated-single-leg
Hamstring Stretch Dynamic Supine Alternating,Hamstrings,Recovery,Beginner,https://musclewiki.com/recovery/male/hamstrings/hamstring-stretch-dynamic-supine-alternating,https://musclewiki.com/recovery/female/hamstrings/hamstring-stretch-dynamic-supine-alternating
Hamstring Stretch Dynamic Standing Bilateral,Hamstrings,Recovery,Beginner,https://musclewiki.com/recovery/male/hamstrings/hamstring-stretch-dynamic-standing-bilateral,https://musclewiki.com/recovery/female/hamstrings/hamstring-stretch-dynamic-standing-bilateral
Hamstring Mobilisation Seated Lacrosse Ball,Hamstrings,Recovery,Beginner,https://musclewiki.com/recovery/male/hamstrings/hamstring-mobilisation-seated-lacrosse-ball,https://musclewiki.com/recovery/female/hamstrings/hamstring-mobilisation-seated-lacrosse-ball
Medial Hamstrings,,,,,
Lateral Hamstrings,,,,,
Lats,,,,,
Dumbbell Pullover,Lats,Dumbbells,Intermediate,https://musclewiki.com/dumbbells/male/lats/dumbbell-pullover,https://musclewiki.com/dumbbells/female/lats/dumbbell-pullover
Dumbbell Shoulder Extension,Lats,Dumbbells,Intermediate,https://musclewiki.com/dumbbells/male/lats/dumbbell-shoulder-extension,https://musclewiki.com/dumbbells/female/lats/dumbbell-shoulder-extension
Machine Pulldown,Lats,Machine,Novice,https://musclewiki.com/machine/male/lats/machine-pulldown,https://musclewiki.com/machine/female/lats/machine-pulldown
Machine Neutral Row,Lats,Machine,Novice,https://musclewiki.com/machine/male/lats/machine-neutral-row,https://musclewiki.com/machine/female/lats/machine-neutral-row
Stretcher,Lats,Machine,Intermediate,https://musclewiki.com/machine/male/lats/stretcher,https://musclewiki.com/machine/female/lats/stretcher
Kettlebell Shoulder Extension,Lats,Kettlebells,Intermediate,https://musclewiki.com/kettlebells/male/lats/kettlebell-shoulder-extension,https://musclewiki.com/kettlebells/female/lats/kettlebell-shoulder-extension
Kettlebell Pullover,Lats,Kettlebells,Advanced,https://musclewiki.com/kettlebells/male/lats/kettlebell-pullover,https://musclewiki.com/kettlebells/female/lats/kettlebell-pullover
Lats Stretch Variation Three,Lats,Stretches,Novice,https://musclewiki.com/stretches/male/lats/lats-stretch-variation-three,https://musclewiki.com/stretches/female/lats/lats-stretch-variation-three
Lats Stretch Variation Two,Lats,Stretches,Novice,https://musclewiki.com/stretches/male/lats/lats-stretch-variation-two,https://musclewiki.com/stretches/female/lats/lats-stretch-variation-two
Lats Stretch Variation One,Lats,Stretches,Novice,https://musclewiki.com/stretches/male/lats/lats-stretch-variation-one,https://musclewiki.com/stretches/female/lats/lats-stretch-variation-one
Cable Lat Prayer,Lats,Cables,Advanced,https://musclewiki.com/cables/male/lats/cable-lat-prayer,https://musclewiki.com/cables/female/lats/cable-lat-prayer
Cable Bent Over Bar Pullover,Lats,Cables,Beginner,https://musclewiki.com/cables/male/lats/cable-bent-over-bar-pullover,https://musclewiki.com/cables/female/lats/cable-bent-over-bar-pullover
Cable Straight Arm Pull In,Lats,Cables,Beginner,https://musclewiki.com/cables/male/lats/cable-straight-arm-pull-in,https://musclewiki.com/cables/female/lats/cable-straight-arm-pull-in
Cable Rope Lat Prayer,Lats,Cables,Intermediate,https://musclewiki.com/cables/male/lats/cable-rope-lat-prayer,https://musclewiki.com/cables/female/lats/cable-rope-lat-prayer
Cable Rope Pullover,Lats,Cables,Beginner,https://musclewiki.com/cables/male/lats/cable-rope-pullover,https://musclewiki.com/cables/female/lats/cable-rope-pullover
Band Pullover,Lats,Band,Novice,https://musclewiki.com/band/male/lats/band-pullover,https://musclewiki.com/band/female/lats/band-pullover
Plate Alternating Deadstop Row,Lats,Plate,Intermediate,https://musclewiki.com/plate/male/lats/plate-alternating-deadstop-row,https://musclewiki.com/plate/female/lats/plate-alternating-deadstop-row
Child Pose Arms Extended,Lats,Yoga,Novice,https://musclewiki.com/yoga/male/lats/child-pose-arms-extended,https://musclewiki.com/yoga/female/lats/child-pose-arms-extended
Child Pose Arms Extended Left Right,Lats,Yoga,Beginner,https://musclewiki.com/yoga/male/lats/child-pose-arms-extended-left-right,https://musclewiki.com/yoga/female/lats/child-pose-arms-extended-left-right
Child Pose Arms On Side,Lats,Yoga,Beginner,https://musclewiki.com/yoga/male/lats/child-pose-arms-on-side,https://musclewiki.com/yoga/female/lats/child-pose-arms-on-side
extended-side-angle-pose,Lats,Yoga,Beginner,https://musclewiki.com/yoga/male/lats/extended-side-angle-pose,https://musclewiki.com/yoga/female/lats/extended-side-angle-pose
Extended side Angle Pose With Block,Lats,Yoga,Beginner,https://musclewiki.com/yoga/male/lats/extended-side-angle-pose-with-block,https://musclewiki.com/yoga/female/lats/extended-side-angle-pose-with-block
Gate Pose Rounding Spine Looking Up,Lats,Yoga,Intermediate,https://musclewiki.com/yoga/male/lats/gate-pose-rounding-spine-looking-up,https://musclewiki.com/yoga/female/lats/gate-pose-rounding-spine-looking-up
Two Arms Cow Face Pose,Lats,Yoga,Beginner,https://musclewiki.com/yoga/male/lats/two-arms-cow-face-pose,https://musclewiki.com/yoga/female/lats/two-arms-cow-face-pose
Bosu Ball Pullover,Lats,Bosu-Ball,Beginner,https://musclewiki.com/bosu-ball/male/lats/pullover,https://musclewiki.com/bosu-ball/female/lats/pullover
Lat And Shoulder External Rotation Stretch 2 Kneeling Dowel,"Lats, Shoulders, Anterior Deltoid, Posterior Deltoid, Front Shoulders, Rear Shoulders",Recovery,Beginner,https://musclewiki.com/recovery/male/lats/lat-and-shoulder-external-rotation-stretch-2-kneeling-dowel,https://musclewiki.com/recovery/female/lats/lat-and-shoulder-external-rotation-stretch-2-kneeling-dowel
Lat And Shoulder External Rotation Stretch 3 Kneeling Dowel,"Lats, Shoulders, Anterior Deltoid, Posterior Deltoid, Front Shoulders, Rear Shoulders",Recovery,Beginner,https://musclewiki.com/recovery/male/lats/lat-and-shoulder-external-rotation-stretch-3-kneeling-dowel,https://musclewiki.com/recovery/female/lats/lat-and-shoulder-external-rotation-stretch-3-kneeling-dowel
Dumbbell Pullover Eccentrics,Lats,Recovery,Novice,https://musclewiki.com/recovery/male/shoulders/dumbbell-pullover-eccentrics,https://musclewiki.com/recovery/female/shoulders/dumbbell-pullover-eccentrics
Lat Mobilisation Floor Foam Roller,Lats,Recovery,Beginner,https://musclewiki.com/recovery/male/lats/lat-mobilisation-floor-foam-roller,https://musclewiki.com/recovery/female/lats/lat-mobilisation-floor-foam-roller
Lat And Shoulder External Rotation Stretch 1 Kneeling Dowel,"Lats, Shoulders, Anterior Deltoid, Posterior Deltoid, Front Shoulders, Rear Shoulders",Recovery,Beginner,https://musclewiki.com/recovery/male/lats/lat-and-shoulder-external-rotation-stretch-1-kneeling-dowel,https://musclewiki.com/recovery/female/lats/lat-and-shoulder-external-rotation-stretch-1-kneeling-dowel
Shoulders,,,,,
Barbell Overhead Press,"Shoulders, Anterior Deltoid, Front Shoulders",Barbell,Intermediate,https://musclewiki.com/barbell/male/shoulders/barbell-overhead-press,https://musclewiki.com/barbell/female/shoulders/barbell-overhead-press
Barbell Upright Row,"Shoulders, Lateral Deltoid, Anterior Deltoid, Traps, Front Shoulders",Barbell,Advanced,https://musclewiki.com/barbell/male/shoulders/barbell-upright-row,https://musclewiki.com/barbell/female/shoulders/barbell-upright-row
Barbell Z Press,"Shoulders, Lateral Deltoid, Anterior Deltoid, Triceps, Traps, Front Shoulders",Barbell,Advanced,https://musclewiki.com/barbell/male/shoulders/barbell-z-press,https://musclewiki.com/barbell/female/shoulders/barbell-z-press
Landmine Alternating Single Arm Press,"Shoulders, Lateral Deltoid, Anterior Deltoid, Triceps, Front Shoulders",Barbell,Intermediate,https://musclewiki.com/barbell/male/shoulders/landmine-alternating-single-arm-press,https://musclewiki.com/barbell/female/shoulders/landmine-alternating-single-arm-press
Landmine Half Kneeling Single Arm Overhead Press,"Shoulders, Lateral Deltoid, Anterior Deltoid, Front Shoulders",Barbell,Intermediate,https://musclewiki.com/barbell/male/shoulders/landmine-half-kneeling-single-arm-overhead-press,https://musclewiki.com/barbell/female/shoulders/landmine-half-kneeling-single-arm-overhead-press
Landmine Kneeling Alternating Overhead Press,"Shoulders, Lateral Deltoid, Anterior Deltoid, Triceps, Front Shoulders",Barbell,Intermediate,https://musclewiki.com/barbell/male/shoulders/landmine-kneeling-alternating-overhead-press,https://musclewiki.com/barbell/female/shoulders/landmine-kneeling-alternating-overhead-press
Landmine Kneeling Overhead Press,"Shoulders, Lateral Deltoid, Anterior Deltoid, Triceps, Front Shoulders",Barbell,Intermediate,https://musclewiki.com/barbell/male/shoulders/landmine-kneeling-overhead-press,https://musclewiki.com/barbell/female/shoulders/landmine-kneeling-overhead-press
Landmine Lateral Raise,"Shoulders, Lateral Deltoid, Anterior Deltoid, Front Shoulders",Barbell,Intermediate,https://musclewiki.com/barbell/male/shoulders/landmine-lateral-raise,https://musclewiki.com/barbell/female/shoulders/landmine-lateral-raise
Landmine Overhead Press,"Shoulders, Lateral Deltoid, Anterior Deltoid, Triceps, Front Shoulders",Barbell,Intermediate,https://musclewiki.com/barbell/male/shoulders/landmine-overhead-press,https://musclewiki.com/barbell/female/shoulders/landmine-overhead-press
Landmine Seated Alternating Overhead Press,"Shoulders, Lateral Deltoid, Anterior Deltoid, Triceps, Front Shoulders",Barbell,Intermediate,https://musclewiki.com/barbell/male/shoulders/landmine-seated-alternating-overhead-press,https://musclewiki.com/barbell/female/shoulders/landmine-seated-alternating-overhead-press
Landmine Seated Overhead Press,"Shoulders, Lateral Deltoid, Anterior Deltoid, Triceps, Front Shoulders",Barbell,Intermediate,https://musclewiki.com/barbell/male/shoulders/landmine-seated-overhead-press,https://musclewiki.com/barbell/female/shoulders/landmine-seated-overhead-press
Landmine Seated Single Arm Overhead Press,"Shoulders, Lateral Deltoid, Anterior Deltoid, Triceps, Front Shoulders",Barbell,Intermediate,https://musclewiki.com/barbell/male/shoulders/landmine-seated-single-arm-overhead-press,https://musclewiki.com/barbell/female/shoulders/landmine-seated-single-arm-overhead-press
Landmine Single Arm Overhead Press,"Shoulders, Lateral Deltoid, Anterior Deltoid, Triceps, Front Shoulders",Barbell,Intermediate,https://musclewiki.com/barbell/male/shoulders/landmine-single-arm-overhead-press,https://musclewiki.com/barbell/female/shoulders/landmine-single-arm-overhead-press
Landmine Single Arm Push Press,"Shoulders, Lateral Deltoid, Anterior Deltoid, Triceps, Front Shoulders",Barbell,Intermediate,https://musclewiki.com/barbell/male/shoulders/landmine-single-arm-push-press,https://musclewiki.com/barbell/female/shoulders/landmine-single-arm-push-press
Landmine Single Arm Staggered Overhead Press,"Shoulders, Lateral Deltoid, Anterior Deltoid, Triceps, Front Shoulders",Barbell,Intermediate,https://musclewiki.com/barbell/male/shoulders/landmine-single-arm-staggered-overhead-press,https://musclewiki.com/barbell/female/shoulders/landmine-single-arm-staggered-overhead-press
Landmine Split Jerk,"Shoulders, Anterior Deltoid, Front Shoulders",Barbell,Advanced,https://musclewiki.com/barbell/male/shoulders/landmine-split-jerk,https://musclewiki.com/barbell/female/shoulders/landmine-split-jerk
Barbell Behind The Neck Seated Overhead Press,"Shoulders, Lateral Deltoid, Anterior Deltoid, Front Shoulders",Barbell,Advanced,https://musclewiki.com/barbell/male/shoulders/barbell-behind-the-neck-seated-overhead-press,https://musclewiki.com/barbell/female/shoulders/barbell-behind-the-neck-seated-overhead-press
Barbell Seated Full Front Raise,"Shoulders, Anterior Deltoid, Front Shoulders",Barbell,Advanced,https://musclewiki.com/barbell/male/shoulders/barbell-seated-full-front-raise,https://musclewiki.com/barbell/female/shoulders/barbell-seated-full-front-raise
Barbell Bradford Press,"Shoulders, Lateral Deltoid, Anterior Deltoid, Front Shoulders",Barbell,Intermediate,https://musclewiki.com/barbell/male/shoulders/barbell-bradford-press,https://musclewiki.com/barbell/female/shoulders/barbell-bradford-press
Barbell Full Front Raise,"Shoulders, Anterior Deltoid, Front Shoulders",Barbell,Intermediate,https://musclewiki.com/barbell/male/shoulders/barbell-full-front-raise,https://musclewiki.com/barbell/female/shoulders/barbell-full-front-raise
Dumbbell Lateral Raise,"Shoulders, Lateral Deltoid, Front Shoulders",Dumbbells,Novice,https://musclewiki.com/dumbbells/male/shoulders/dumbbell-lateral-raise,https://musclewiki.com/dumbbells/female/shoulders/dumbbell-lateral-raise
Dumbbell Rear Delt Fly,Shoulders,Dumbbells,Beginner,https://musclewiki.com/dumbbells/male/shoulders/dumbbell-rear-delt-fly,https://musclewiki.com/dumbbells/female/shoulders/dumbbell-rear-delt-fly
Dumbbell Seated Overhead Press,"Shoulders, Lateral Deltoid, Anterior Deltoid, Front Shoulders",Dumbbells,Novice,https://musclewiki.com/dumbbells/male/shoulders/dumbbell-seated-overhead-press,https://musclewiki.com/dumbbells/female/shoulders/dumbbell-seated-overhead-press
Dumbbell Front Raise,"Shoulders, Anterior Deltoid, Front Shoulders",Dumbbells,Novice,https://musclewiki.com/dumbbells/male/shoulders/dumbbell-front-raise,https://musclewiki.com/dumbbells/female/shoulders/dumbbell-front-raise
Dumbbell Seated Rear Delt Fly,"Shoulders, Posterior Deltoid, Rear Shoulders",Dumbbells,Novice,https://musclewiki.com/dumbbells/male/shoulders/dumbbell-seated-rear-delt-fly,https://musclewiki.com/dumbbells/female/shoulders/dumbbell-seated-rear-delt-fly
Dumbbell Bayesian Lateral Raise,"Shoulders, Lateral Deltoid, Front Shoulders",Dumbbells,Beginner,https://musclewiki.com/dumbbells/male/shoulders/dumbbell-bayesian-lateral-raise,https://musclewiki.com/dumbbells/female/shoulders/dumbbell-bayesian-lateral-raise
Dumbbell Decline Neutral Bench Press,"Shoulders, Anterior Deltoid, Triceps, Chest, Front Shoulders",Dumbbells,Beginner,https://musclewiki.com/dumbbells/male/shoulders/dumbbell-decline-neutral-bench-press,https://musclewiki.com/dumbbells/female/shoulders/dumbbell-decline-neutral-bench-press
Dumbbell Laying Reverse Fly,"Shoulders, Posterior Deltoid, Rear Shoulders",Dumbbells,Novice,https://musclewiki.com/dumbbells/male/shoulders/dumbbell-laying-reverse-fly,https://musclewiki.com/dumbbells/female/shoulders/dumbbell-laying-reverse-fly
Dumbbell Laying Reverse Fly Internally Rotated,"Shoulders, Posterior Deltoid, Rear Shoulders",Dumbbells,Intermediate,https://musclewiki.com/dumbbells/male/shoulders/dumbbell-laying-reverse-fly-internally-rotated,https://musclewiki.com/dumbbells/female/shoulders/dumbbell-laying-reverse-fly-internally-rotated
Dumbbell Neutral Bench Press,"Shoulders, Anterior Deltoid, Triceps, Chest, Front Shoulders",Dumbbells,Novice,https://musclewiki.com/dumbbells/male/shoulders/dumbbell-neutral-bench-press,https://musclewiki.com/dumbbells/female/shoulders/dumbbell-neutral-bench-press
Dumbbell Neutral Incline Bench Press,"Shoulders, Anterior Deltoid, Triceps, Chest, Upper Pectoralis, Front Shoulders",Dumbbells,Novice,https://musclewiki.com/dumbbells/male/shoulders/dumbbell-neutral-incline-bench-press,https://musclewiki.com/dumbbells/female/shoulders/dumbbell-neutral-incline-bench-press
Dumbbell Neutral Seated Overhead Press,"Shoulders, Anterior Deltoid, Triceps, Front Shoulders",Dumbbells,Novice,https://musclewiki.com/dumbbells/male/shoulders/dumbbell-neutral-seated-overhead-press,https://musclewiki.com/dumbbells/female/shoulders/dumbbell-neutral-seated-overhead-press
Dumbbell Seated Arnold Press,"Shoulders, Lateral Deltoid, Anterior Deltoid, Triceps, Front Shoulders",Dumbbells,Intermediate,https://musclewiki.com/dumbbells/male/shoulders/dumbbell-seated-arnold-press,https://musclewiki.com/dumbbells/female/shoulders/dumbbell-seated-arnold-press
Dumbbell Alternating Arnold Press,"Shoulders, Lateral Deltoid, Anterior Deltoid, Triceps, Front Shoulders",Dumbbells,Advanced,https://musclewiki.com/dumbbells/male/shoulders/dumbbell-alternating-arnold-press,https://musclewiki.com/dumbbells/female/shoulders/dumbbell-alternating-arnold-press
Dumbbell Alternating Overhead Press,"Shoulders, Lateral Deltoid, Anterior Deltoid, Triceps, Front Shoulders",Dumbbells,Intermediate,https://musclewiki.com/dumbbells/male/shoulders/dumbbell-alternating-overhead-press,https://musclewiki.com/dumbbells/female/shoulders/dumbbell-alternating-overhead-press
Dumbbell Arnold Press,"Shoulders, Lateral Deltoid, Anterior Deltoid, Triceps, Front Shoulders",Dumbbells,Intermediate,https://musclewiki.com/dumbbells/male/shoulders/dumbbell-arnold-press,https://musclewiki.com/dumbbells/female/shoulders/dumbbell-arnold-press
Dumbbell Neutral Alternating Overhead Press,"Shoulders, Anterior Deltoid, Triceps, Front Shoulders",Dumbbells,Intermediate,https://musclewiki.com/dumbbells/male/shoulders/dumbbell-neutral-alternating-overhead-press,https://musclewiki.com/dumbbells/female/shoulders/dumbbell-neutral-alternating-overhead-press
Dumbbell Neutral Overhead Press,"Shoulders, Anterior Deltoid, Triceps, Front Shoulders",Dumbbells,Novice,https://musclewiki.com/dumbbells/male/shoulders/dumbbell-neutral-overhead-press,https://musclewiki.com/dumbbells/female/shoulders/dumbbell-neutral-overhead-press
Dumbbell Overhead Press,"Shoulders, Lateral Deltoid, Anterior Deltoid, Triceps, Front Shoulders",Dumbbells,Novice,https://musclewiki.com/dumbbells/male/shoulders/dumbbell-overhead-press,https://musclewiki.com/dumbbells/female/shoulders/dumbbell-overhead-press
Dumbbell Push Press,"Shoulders, Lateral Deltoid, Anterior Deltoid, Triceps, Front Shoulders",Dumbbells,Intermediate,https://musclewiki.com/dumbbells/male/shoulders/dumbbell-push-press,https://musclewiki.com/dumbbells/female/shoulders/dumbbell-push-press
Dumbbell Single Arm Arnold Press,"Shoulders, Lateral Deltoid, Anterior Deltoid, Triceps, Front Shoulders",Dumbbells,Intermediate,https://musclewiki.com/dumbbells/male/shoulders/dumbbell-single-arm-arnold-press,https://musclewiki.com/dumbbells/female/shoulders/dumbbell-single-arm-arnold-press
Dumbbell Single Arm Neutral Overhead Press,"Shoulders, Lateral Deltoid, Anterior Deltoid, Triceps, Front Shoulders",Dumbbells,Beginner,https://musclewiki.com/dumbbells/male/shoulders/dumbbell-single-arm-neutral-overhead-press,https://musclewiki.com/dumbbells/female/shoulders/dumbbell-single-arm-neutral-overhead-press
Dumbbell Single Arm Overhead Press,"Shoulders, Lateral Deltoid, Anterior Deltoid, Triceps, Front Shoulders",Dumbbells,Beginner,https://musclewiki.com/dumbbells/male/shoulders/dumbbell-single-arm-overhead-press,https://musclewiki.com/dumbbells/female/shoulders/dumbbell-single-arm-overhead-press
Laying Lateral Raise,"Shoulders, Lateral Deltoid, Front Shoulders",Dumbbells,Beginner,https://musclewiki.com/dumbbells/male/shoulders/laying-lateral-raise,https://musclewiki.com/dumbbells/female/shoulders/laying-lateral-raise
Dumbbell Single Arm Upright Row,"Shoulders, Lateral Deltoid, Traps, Front Shoulders",Dumbbells,Novice,https://musclewiki.com/dumbbells/male/shoulders/dumbbell-single-arm-upright-row,https://musclewiki.com/dumbbells/female/shoulders/dumbbell-single-arm-upright-row
Dumbbell Upright Row,"Shoulders, Lateral Deltoid, Front Shoulders",Dumbbells,Novice,https://musclewiki.com/dumbbells/male/shoulders/dumbbell-upright-row,https://musclewiki.com/dumbbells/female/shoulders/dumbbell-upright-row
Internally Rotated Seated Rear Delt Fly,"Shoulders, Posterior Deltoid, Rear Shoulders",Dumbbells,Beginner,https://musclewiki.com/dumbbells/male/shoulders/internally-rotated-seated-rear-delt-fly,https://musclewiki.com/dumbbells/female/shoulders/internally-rotated-seated-rear-delt-fly
Seated Lateral Raise,"Shoulders, Lateral Deltoid, Front Shoulders",Dumbbells,Novice,https://musclewiki.com/dumbbells/male/shoulders/seated-lateral-raise,https://musclewiki.com/dumbbells/female/shoulders/seated-lateral-raise
Dumbbell Bent Arm Lateral Raise,"Shoulders, Lateral Deltoid, Front Shoulders",Dumbbells,Beginner,https://musclewiki.com/dumbbells/male/shoulders/dumbbell-bent-arm-lateral-raise,https://musclewiki.com/dumbbells/female/shoulders/dumbbell-bent-arm-lateral-raise
Dumbbell Shoulder External Rotation,"Shoulders, Posterior Deltoid, Rear Shoulders",Dumbbells,Beginner,https://musclewiki.com/dumbbells/male/shoulders/dumbbell-shoulder-external-rotation,https://musclewiki.com/dumbbells/female/shoulders/dumbbell-shoulder-external-rotation
Dumbbell Standing Bayesian Lateral Raise,"Shoulders, Lateral Deltoid, Front Shoulders",Dumbbells,Beginner,https://musclewiki.com/dumbbells/male/shoulders/dumbbell-standing-bayesian-lateral-raise,https://musclewiki.com/dumbbells/female/shoulders/dumbbell-standing-bayesian-lateral-raise
Dumbbell Internally Rotated Rear Delt Fly,"Shoulders, Posterior Deltoid, Rear Shoulders",Dumbbells,Beginner,https://musclewiki.com/dumbbells/male/shoulders/dumbbell-internally-rotated-rear-delt-fly,https://musclewiki.com/dumbbells/female/shoulders/dumbbell-internally-rotated-rear-delt-fly
Dumbbell Half Kneeling Single Arm Overhead Press,"Shoulders, Lateral Deltoid, Anterior Deltoid, Front Shoulders",Dumbbells,Intermediate,https://musclewiki.com/dumbbells/male/shoulders/dumbbell-half-kneeling-single-arm-overhead-press,https://musclewiki.com/dumbbells/female/shoulders/dumbbell-half-kneeling-single-arm-overhead-press
Dumbbell Half Kneeling Overhead Press,"Shoulders, Lateral Deltoid, Anterior Deltoid, Front Shoulders",Dumbbells,Intermediate,https://musclewiki.com/dumbbells/male/shoulders/dumbbell-half-kneeling-overhead-press,https://musclewiki.com/dumbbells/female/shoulders/dumbbell-half-kneeling-overhead-press
Dumbbell Head On Bench Rear Delt Fly,"Shoulders, Posterior Deltoid, Rear Shoulders",Dumbbells,Beginner,https://musclewiki.com/dumbbells/male/shoulders/dumbbell-head-on-bench-rear-delt-fly,https://musclewiki.com/dumbbells/female/shoulders/dumbbell-head-on-bench-rear-delt-fly
Dumbbell Incline Front Raise,"Shoulders, Anterior Deltoid, Front Shoulders",Dumbbells,Beginner,https://musclewiki.com/dumbbells/male/shoulders/dumbbell-incline-front-raise,https://musclewiki.com/dumbbells/female/shoulders/dumbbell-incline-front-raise
Dumbbell Seated Single Arm Arnold Press,"Shoulders, Lateral Deltoid, Anterior Deltoid, Triceps, Front Shoulders",Dumbbells,Intermediate,https://musclewiki.com/dumbbells/male/shoulders/dumbbell-seated-single-arm-arnold-press,https://musclewiki.com/dumbbells/female/shoulders/dumbbell-seated-single-arm-arnold-press
Dumbbell Seated Y Press,"Shoulders, Anterior Deltoid, Triceps, Front Shoulders",Dumbbells,Novice,https://musclewiki.com/dumbbells/male/shoulders/dumbbell-seated-y-press,https://musclewiki.com/dumbbells/female/shoulders/dumbbell-seated-y-press
Dumbbell Alternating Rear Delt Fly,"Shoulders, Posterior Deltoid, Rear Shoulders",Dumbbells,Intermediate,https://musclewiki.com/dumbbells/male/shoulders/dumbbell-alternating-rear-delt-fly,https://musclewiki.com/dumbbells/female/shoulders/dumbbell-alternating-rear-delt-fly
Dumbbell Y Press,"Shoulders, Anterior Deltoid, Triceps, Front Shoulders",Dumbbells,Novice,https://musclewiki.com/dumbbells/male/shoulders/dumbbell-y-press,https://musclewiki.com/dumbbells/female/shoulders/dumbbell-y-press
Dumbbell Full Lateral Raise,"Shoulders, Lateral Deltoid, Front Shoulders",Dumbbells,Beginner,https://musclewiki.com/dumbbells/male/shoulders/dumbbell-full-lateral-raise,https://musclewiki.com/dumbbells/female/shoulders/dumbbell-full-lateral-raise
Dumbbell Full Front Raise,"Shoulders, Anterior Deltoid, Front Shoulders",Dumbbells,Intermediate,https://musclewiki.com/dumbbells/male/shoulders/dumbbell-full-front-raise,https://musclewiki.com/dumbbells/female/shoulders/dumbbell-full-front-raise
Backward Arm Circle,"Shoulders, Posterior Deltoid, Front Shoulders, Rear Shoulders",Bodyweight,Novice,https://musclewiki.com/bodyweight/male/shoulders/backward-arm-circle,https://musclewiki.com/bodyweight/female/shoulders/backward-arm-circle
Forward Arm Circle,"Shoulders, Lateral Deltoid, Anterior Deltoid, Posterior Deltoid, Front Shoulders, Rear Shoulders",Bodyweight,Novice,https://musclewiki.com/bodyweight/male/shoulders/forward-arm-circle,https://musclewiki.com/bodyweight/female/shoulders/forward-arm-circle
Ring Standing Pushup,"Shoulders, Anterior Deltoid, Triceps, Chest, Front Shoulders",Bodyweight,Beginner,https://musclewiki.com/bodyweight/male/shoulders/ring-standing-pushup,https://musclewiki.com/bodyweight/female/shoulders/ring-standing-pushup
Kettlebell Front Raise,"Shoulders, Anterior Deltoid, Front Shoulders",Kettlebells,Novice,https://musclewiki.com/kettlebells/male/shoulders/kettlebell-front-raise,https://musclewiki.com/kettlebells/female/shoulders/kettlebell-front-raise
Kettlebell Single Arm Rear Delt Fly,"Shoulders, Posterior Deltoid, Rear Shoulders",Kettlebells,Intermediate,https://musclewiki.com/kettlebells/male/shoulders/kettlebell-single-arm-rear-delt-fly,https://musclewiki.com/kettlebells/female/shoulders/kettlebell-single-arm-rear-delt-fly
Kettlebell Long Lever Lateral Raise,"Shoulders, Lateral Deltoid, Front Shoulders",Kettlebells,Intermediate,https://musclewiki.com/kettlebells/male/shoulders/kettlebell-long-lever-lateral-raise,https://musclewiki.com/kettlebells/female/shoulders/kettlebell-long-lever-lateral-raise
Kettlebell Single Arm Lateral Raise,"Shoulders, Lateral Deltoid, Front Shoulders",Kettlebells,Beginner,https://musclewiki.com/kettlebells/male/shoulders/kettlebell-single-arm-lateral-raise,https://musclewiki.com/kettlebells/female/shoulders/kettlebell-single-arm-lateral-raise
Kettlebell Upright Row,"Shoulders, Lateral Deltoid, Traps, Upper Traps, Front Shoulders",Kettlebells,"Novice, Beginner",https://musclewiki.com/kettlebells/male/shoulders/kettlebell-upright-row,https://musclewiki.com/kettlebells/female/shoulders/kettlebell-upright-row
Kettlebell Push Press,"Shoulders, Lateral Deltoid, Anterior Deltoid, Triceps, Front Shoulders",Kettlebells,Beginner,https://musclewiki.com/kettlebells/male/shoulders/kettlebell-push-press,https://musclewiki.com/kettlebells/female/shoulders/kettlebell-push-press
Kettlebell Seated Overhead Press,"Shoulders, Lateral Deltoid, Anterior Deltoid, Triceps, Front Shoulders",Kettlebells,Beginner,https://musclewiki.com/kettlebells/male/shoulders/kettlebell-seated-overhead-press,https://musclewiki.com/kettlebells/female/shoulders/kettlebell-seated-overhead-press
Kettlebell Bottoms Up Single Arm Overhead Press,"Shoulders, Lateral Deltoid, Anterior Deltoid, Triceps, Front Shoulders",Kettlebells,Advanced,https://musclewiki.com/kettlebells/male/shoulders/kettlebell-bottoms-up-single-arm-overhead-press,https://musclewiki.com/kettlebells/female/shoulders/kettlebell-bottoms-up-single-arm-overhead-press
Kettlebell Bottoms Up Overhead Press,"Shoulders, Lateral Deltoid, Anterior Deltoid, Triceps, Front Shoulders",Kettlebells,Advanced,https://musclewiki.com/kettlebells/male/shoulders/kettlebell-bottoms-up-overhead-press,https://musclewiki.com/kettlebells/female/shoulders/kettlebell-bottoms-up-overhead-press
Kettlebell Kneeling Bottoms Up Overhead Press,"Shoulders, Lateral Deltoid, Anterior Deltoid, Triceps, Front Shoulders",Kettlebells,Advanced,https://musclewiki.com/kettlebells/male/shoulders/kettlebell-kneeling-bottoms-up-overhead-press,https://musclewiki.com/kettlebells/female/shoulders/kettlebell-kneeling-bottoms-up-overhead-press
Shoulders Stretch Variation Four,"Shoulders, Posterior Deltoid, Rear Shoulders",Stretches,Beginner,https://musclewiki.com/stretches/male/shoulders/shoulders-stretch-variation-four,https://musclewiki.com/stretches/female/shoulders/shoulders-stretch-variation-four
Shoulders Stretch Variation Three,"Shoulders, Anterior Deltoid, Front Shoulders",Stretches,Novice,https://musclewiki.com/stretches/male/shoulders/shoulders-stretch-variation-three,https://musclewiki.com/stretches/female/shoulders/shoulders-stretch-variation-three
Shoulders Stretch Variation Two,"Shoulders, Anterior Deltoid, Posterior Deltoid, Front Shoulders, Rear Shoulders",Stretches,Beginner,https://musclewiki.com/stretches/male/shoulders/shoulders-stretch-variation-two,https://musclewiki.com/stretches/female/shoulders/shoulders-stretch-variation-two
Shoulders Stretch Variation One,"Shoulders, Lateral Deltoid, Anterior Deltoid, Front Shoulders",Stretches,Novice,https://musclewiki.com/stretches/male/shoulders/shoulders-stretch-variation-one,https://musclewiki.com/stretches/female/shoulders/shoulders-stretch-variation-one
Alternating Pole Rotation,"Shoulders, Lateral Deltoid, Anterior Deltoid, Posterior Deltoid, Front Shoulders, Rear Shoulders",Stretches,Beginner,https://musclewiki.com/stretches/male/shoulders/alternating-pole-rotation,https://musclewiki.com/stretches/female/shoulders/alternating-pole-rotation
Pole Rotation,"Shoulders, Lateral Deltoid, Anterior Deltoid, Posterior Deltoid, Front Shoulders, Rear Shoulders",Stretches,Beginner,https://musclewiki.com/stretches/male/shoulders/pole-rotation,https://musclewiki.com/stretches/female/shoulders/pole-rotation
Cable Rope Face Pulls,"Shoulders, Posterior Deltoid, Rear Shoulders",Cables,Novice,https://musclewiki.com/cables/male/shoulders/machine-face-pulls,https://musclewiki.com/cables/female/shoulders/machine-face-pulls
Cable Overhead Press,"Shoulders, Lateral Deltoid, Anterior Deltoid, Front Shoulders",Cables,Novice,https://musclewiki.com/cables/male/shoulders/cable-overhead-press,https://musclewiki.com/cables/female/shoulders/cable-overhead-press
Cable Low Single Arm Lateral Raise,"Shoulders, Lateral Deltoid, Front Shoulders",Cables,Novice,https://musclewiki.com/cables/male/shoulders/cable-low-single-arm-lateral-raise,https://musclewiki.com/cables/female/shoulders/cable-low-single-arm-lateral-raise
Cable High Single Arm Rear Delt Fly,"Shoulders, Posterior Deltoid, Rear Shoulders",Cables,Beginner,https://musclewiki.com/cables/male/shoulders/cable-high-single-arm-rear-delt-fly,https://musclewiki.com/cables/female/shoulders/cable-high-single-arm-rear-delt-fly
Cable Upright Row,"Shoulders, Lateral Deltoid, Traps, Front Shoulders",Cables,Advanced,https://musclewiki.com/cables/male/shoulders/cable-upright-row,https://musclewiki.com/cables/female/shoulders/cable-upright-row
Cable Low Bilateral Lateral Raise,"Shoulders, Lateral Deltoid, Front Shoulders",Cables,Novice,https://musclewiki.com/cables/male/shoulders/cable-low-bilateral-lateral-raise,https://musclewiki.com/cables/female/shoulders/cable-low-bilateral-lateral-raise
Cable Bar Front Raise,"Shoulders, Anterior Deltoid, Front Shoulders",Cables,Novice,https://musclewiki.com/cables/male/shoulders/cable-bar-front-raise,https://musclewiki.com/cables/female/shoulders/cable-bar-front-raise
Cable Rope Single Arm Low Lateral Raise,"Shoulders, Lateral Deltoid, Front Shoulders",Cables,Beginner,https://musclewiki.com/cables/male/shoulders/cable-rope-single-arm-low-lateral-raise,https://musclewiki.com/cables/female/shoulders/cable-rope-single-arm-low-lateral-raise
Cable Rope Mid Lateral Raise,"Shoulders, Lateral Deltoid, Front Shoulders",Cables,Beginner,https://musclewiki.com/cables/male/shoulders/cable-rope-mid-lateral-raise,https://musclewiki.com/cables/female/shoulders/cable-rope-mid-lateral-raise
Cable Rope Front Raise,"Shoulders, Anterior Deltoid, Front Shoulders",Cables,Novice,https://musclewiki.com/cables/male/shoulders/cable-rope-front-raise,https://musclewiki.com/cables/female/shoulders/cable-rope-front-raise
Cable Rope Upright Row,"Shoulders, Lateral Deltoid, Traps, Front Shoulders",Cables,Beginner,https://musclewiki.com/cables/male/shoulders/cable-rope-upright-row,https://musclewiki.com/cables/female/shoulders/cable-rope-upright-row
Cable High Reverse Fly,"Shoulders, Posterior Deltoid, Rear Shoulders",Cables,Novice,https://musclewiki.com/cables/male/shoulders/cable-high-reverse-fly,https://musclewiki.com/cables/female/shoulders/cable-high-reverse-fly
Cable Single Arm Internally Rotated High Reverse Fly,"Shoulders, Posterior Deltoid, Rear Shoulders",Cables,Beginner,https://musclewiki.com/cables/male/shoulders/cable-single-arm-internally-rotated-high-reverse-fly,https://musclewiki.com/cables/female/shoulders/cable-single-arm-internally-rotated-high-reverse-fly
Cable High Internally Rotated Reverse Fly,"Shoulders, Posterior Deltoid, Rear Shoulders",Cables,Beginner,https://musclewiki.com/cables/male/shoulders/cable-high-internally-rotated-reverse-fly,https://musclewiki.com/cables/female/shoulders/cable-high-internally-rotated-reverse-fly
Band Face Pull,"Shoulders, Posterior Deltoid, Rear Shoulders",Band,Novice,https://musclewiki.com/band/male/shoulders/band-face-pull,https://musclewiki.com/band/female/shoulders/band-face-pull
Band Front Raise,"Shoulders, Anterior Deltoid, Front Shoulders",Band,Novice,https://musclewiki.com/band/male/shoulders/band-front-raise,https://musclewiki.com/band/female/shoulders/band-front-raise
Band Lateral Raise,"Shoulders, Lateral Deltoid, Front Shoulders",Band,Novice,https://musclewiki.com/band/male/shoulders/band-lateral-raise,https://musclewiki.com/band/female/shoulders/band-lateral-raise
Band Single Arm Overhead Press,"Shoulders, Lateral Deltoid, Anterior Deltoid, Traps, Front Shoulders",Band,Novice,https://musclewiki.com/band/male/shoulders/band-single-arm-overhead-press,https://musclewiki.com/band/female/shoulders/band-single-arm-overhead-press
Band Low Lateral Raise,"Shoulders, Lateral Deltoid, Front Shoulders",Band,Intermediate,https://musclewiki.com/band/male/shoulders/band-low-lateral-raise,https://musclewiki.com/band/female/shoulders/band-low-lateral-raise
Band Mid Lateral Raise,"Shoulders, Lateral Deltoid, Front Shoulders",Band,Beginner,https://musclewiki.com/band/male/shoulders/band-mid-lateral-raise,https://musclewiki.com/band/female/shoulders/band-mid-lateral-raise
Band Overhead Press,"Shoulders, Lateral Deltoid, Anterior Deltoid, Triceps, Front Shoulders",Band,Novice,https://musclewiki.com/band/male/shoulders/band-overhead-press,https://musclewiki.com/band/female/shoulders/band-overhead-press
Band Upright Row,"Shoulders, Lateral Deltoid, Anterior Deltoid, Traps, Upper Traps, Front Shoulders",Band,Advanced,https://musclewiki.com/band/male/shoulders/band-upright-row,https://musclewiki.com/band/female/shoulders/band-upright-row
Plate Car Driver,"Shoulders, Anterior Deltoid, Front Shoulders",Plate,Beginner,https://musclewiki.com/plate/male/shoulders/plate-car-driver,https://musclewiki.com/plate/female/shoulders/plate-car-driver
Plate Front Raise,"Shoulders, Anterior Deltoid, Front Shoulders",Plate,Novice,https://musclewiki.com/plate/male/shoulders/plate-front-raise,https://musclewiki.com/plate/female/shoulders/plate-front-raise
Plate Halo,"Shoulders, Lateral Deltoid, Anterior Deltoid, Front Shoulders",Plate,Novice,https://musclewiki.com/plate/male/shoulders/plate-halo,https://musclewiki.com/plate/female/shoulders/plate-halo
Plate Overhead Press To Tricep Extension,"Shoulders, Anterior Deltoid, Triceps, Front Shoulders",Plate,Intermediate,https://musclewiki.com/plate/male/shoulders/plate-overhead-press-to-tricep-extension,https://musclewiki.com/plate/female/shoulders/plate-overhead-press-to-tricep-extension
Plate Full Lateral Raise,"Shoulders, Lateral Deltoid, Anterior Deltoid, Front Shoulders",Plate,Intermediate,https://musclewiki.com/plate/male/shoulders/plate-full-lateral-raise,https://musclewiki.com/plate/female/shoulders/plate-full-lateral-raise
Plate Lateral Raise,"Shoulders, Lateral Deltoid, Front Shoulders",Plate,Novice,https://musclewiki.com/plate/male/shoulders/plate-lateral-raise,https://musclewiki.com/plate/female/shoulders/plate-lateral-raise
Plate Reach,"Shoulders, Anterior Deltoid, Front Shoulders",Plate,Beginner,https://musclewiki.com/plate/male/shoulders/plate-reach,https://musclewiki.com/plate/female/shoulders/plate-reach
TRX I Raise,"Shoulders, Anterior Deltoid, Front Shoulders",TRX,Beginner,https://musclewiki.com/trx/male/shoulders/trx-i-raise,https://musclewiki.com/trx/female/shoulders/trx-i-raise
TRX Pushup,"Shoulders, Anterior Deltoid, Triceps, Chest, Front Shoulders",TRX,Beginner,https://musclewiki.com/trx/male/shoulders/trx-pushup,https://musclewiki.com/trx/female/shoulders/trx-pushup
TRX Y Raise,"Shoulders, Lateral Deltoid, Anterior Deltoid, Traps, Front Shoulders",TRX,Beginner,https://musclewiki.com/trx/male/shoulders/trx-y-raise,https://musclewiki.com/trx/female/shoulders/trx-y-raise
Eagle Arm Pose,Shoulders,Yoga,Beginner,https://musclewiki.com/yoga/male/shoulders/eagle-arm-pose,https://musclewiki.com/yoga/female/shoulders/eagle-arm-pose
Headstand,"Shoulders, Lateral Deltoid, Anterior Deltoid, Front Shoulders",Yoga,Advanced,https://musclewiki.com/yoga/male/shoulders/headstand,https://musclewiki.com/yoga/female/shoulders/headstand
Wide Legged Forward Fall,"Shoulders, Anterior Deltoid, Front Shoulders",Yoga,Beginner,https://musclewiki.com/yoga/male/shoulders/wide-legged-forward-fall,https://musclewiki.com/yoga/female/shoulders/wide-legged-forward-fall
Puppy Pose,"Shoulders, Posterior Deltoid, Rear Shoulders",Yoga,Beginner,https://musclewiki.com/yoga/male/shoulders/puppy-pose,https://musclewiki.com/yoga/female/shoulders/puppy-pose
Reverse Prayer,"Shoulders, Lateral Deltoid, Anterior Deltoid, Front Shoulders",Yoga,Beginner,https://musclewiki.com/yoga/male/shoulders/reverse-prayer,https://musclewiki.com/yoga/female/shoulders/reverse-prayer
Bosu Ball Pike Pushup,"Shoulders, Anterior Deltoid, Triceps, Front Shoulders",Bosu-Ball,Intermediate,https://musclewiki.com/bosu-ball/male/shoulders/bosu-ball-pike-pushup,https://musclewiki.com/bosu-ball/female/shoulders/bosu-ball-pike-pushup
Vitruvian Arnold Press,"Shoulders, Lateral Deltoid, Anterior Deltoid, Front Shoulders",Vitruvian,Beginner,https://musclewiki.com/vitruvian/male/shoulders/arnold-press,https://musclewiki.com/vitruvian/female/shoulders/arnold-press
Vitruvian Lateral Raise,"Shoulders, Lateral Deltoid, Front Shoulders",Vitruvian,Beginner,https://musclewiki.com/vitruvian/male/shoulders/lateral-raise,https://musclewiki.com/vitruvian/female/shoulders/lateral-raise
Vitruvian Overhead Press,"Shoulders, Lateral Deltoid, Anterior Deltoid, Front Shoulders",Vitruvian,Beginner,https://musclewiki.com/vitruvian/male/shoulders/overhead-press,https://musclewiki.com/vitruvian/female/shoulders/overhead-press
Vitruvian Rear Delt Fly,"Shoulders, Posterior Deltoid, Rear Shoulders",Vitruvian,Beginner,https://musclewiki.com/vitruvian/male/shoulders/rear-delt-fly,https://musclewiki.com/vitruvian/female/shoulders/rear-delt-fly
Smith Machine Seated Overhead Press,"Shoulders, Lateral Deltoid, Anterior Deltoid, Front Shoulders",Smith-Machine,Beginner,https://musclewiki.com/smith-machine/male/shoulders/smith-machine-seated-overhead-press,https://musclewiki.com/smith-machine/female/shoulders/smith-machine-seated-overhead-press
Smith Machine Upright Row,"Shoulders, Anterior Deltoid, Traps, Upper Traps, Front Shoulders",Smith-Machine,Intermediate,https://musclewiki.com/smith-machine/male/shoulders/smith-machine-upright-row,https://musclewiki.com/smith-machine/female/shoulders/smith-machine-upright-row
I's Prone,"Shoulders, Anterior Deltoid, Front Shoulders",Recovery,Novice,https://musclewiki.com/recovery/male/shoulders/is-prone,https://musclewiki.com/recovery/female/shoulders/is-prone
Lateral Deltoid,,,,,
Kettlebell Upright Row Single,"Lateral Deltoid, Traps, Front Shoulders",Kettlebells,Beginner,https://musclewiki.com/kettlebells/male/lateral-deltoid/kettlebell-upright-row-single,https://musclewiki.com/kettlebells/female/lateral-deltoid/kettlebell-upright-row-single
Anterior Deltoid,,,,,
Barbell Front Raise,"Anterior Deltoid, Front Shoulders",Barbell,Intermediate,https://musclewiki.com/barbell/male/shoulders/barbell-front-raise,https://musclewiki.com/barbell/female/shoulders/barbell-front-raise
Barbell High Incline Bench Press,"Anterior Deltoid, Chest, Upper Pectoralis, Front Shoulders",Barbell,Intermediate,https://musclewiki.com/barbell/male/anterior-deltoid/barbell-high-incline-bench-press,https://musclewiki.com/barbell/female/anterior-deltoid/barbell-high-incline-bench-press
Dumbbell Incline Chest Flys,"Anterior Deltoid, Chest, Upper Pectoralis, Front Shoulders",Dumbbells,Beginner,https://musclewiki.com/dumbbells/male/anterior-deltoid/dumbbell-incline-chest-flys,https://musclewiki.com/dumbbells/female/anterior-deltoid/dumbbell-incline-chest-flys
Dumbbell Incline Bench Press,"Anterior Deltoid, Chest, Upper Pectoralis, Front Shoulders",Dumbbells,Beginner,https://musclewiki.com/dumbbells/male/anterior-deltoid/dumbbell-incline-bench-press,https://musclewiki.com/dumbbells/female/anterior-deltoid/dumbbell-incline-bench-press
Dumbbell High Incline Bench Press,"Anterior Deltoid, Chest, Upper Pectoralis, Front Shoulders",Dumbbells,Beginner,https://musclewiki.com/dumbbells/male/anterior-deltoid/dumbbell-high-incline-bench-press,https://musclewiki.com/dumbbells/female/anterior-deltoid/dumbbell-high-incline-bench-press
Kettlebell High Incline Bench Press,"Anterior Deltoid, Triceps, Chest, Upper Pectoralis, Front Shoulders",Kettlebells,Beginner,https://musclewiki.com/kettlebells/male/anterior-deltoid/kettlebell-high-incline-bench-press,https://musclewiki.com/kettlebells/female/anterior-deltoid/kettlebell-high-incline-bench-press
Kettlebell Incline Bench Press,"Anterior Deltoid, Triceps, Chest, Upper Pectoralis, Front Shoulders",Kettlebells,Beginner,https://musclewiki.com/kettlebells/male/anterior-deltoid/kettlebell-incline-bench-press,https://musclewiki.com/kettlebells/female/anterior-deltoid/kettlebell-incline-bench-press
Cable Chest Press,"Anterior Deltoid, Chest, Mid and Lower Chest, Front Shoulders",Cables,Novice,https://musclewiki.com/cables/male/anterior-deltoid/cable-chest-press,https://musclewiki.com/cables/female/anterior-deltoid/cable-chest-press
Cable Single Arm Bench Press,"Anterior Deltoid, Triceps, Chest, Mid and Lower Chest, Front Shoulders",Cables,Beginner,https://musclewiki.com/cables/male/anterior-deltoid/cable-single-arm-bench-press,https://musclewiki.com/cables/female/anterior-deltoid/cable-single-arm-bench-press
Cable Decline Single Arm Bench Press,"Anterior Deltoid, Chest, Mid and Lower Chest, Front Shoulders",Cables,Beginner,https://musclewiki.com/cables/male/anterior-deltoid/cable-decline-single-arm-bench-press,https://musclewiki.com/cables/female/anterior-deltoid/cable-decline-single-arm-bench-press
Cable Bench Press,"Anterior Deltoid, Chest, Mid and Lower Chest, Front Shoulders",Cables,Novice,https://musclewiki.com/cables/male/anterior-deltoid/cable-bench-press,https://musclewiki.com/cables/female/anterior-deltoid/cable-bench-press
Cable Decline Bench Press,"Anterior Deltoid, Chest, Mid and Lower Chest, Front Shoulders",Cables,Beginner,https://musclewiki.com/cables/male/anterior-deltoid/cable-decline-bench-press,https://musclewiki.com/cables/female/anterior-deltoid/cable-decline-bench-press
Bosu Ball Front Raise,"Anterior Deltoid, Front Shoulders",Bosu-Ball,Beginner,https://musclewiki.com/bosu-ball/male/anterior-deltoid/front-raise,https://musclewiki.com/bosu-ball/female/anterior-deltoid/front-raise
Smith Machine Bench Press,"Anterior Deltoid, Chest, Mid and Lower Chest, Front Shoulders",Smith-Machine,Novice,https://musclewiki.com/smith-machine/male/anterior-deltoid/smith-machine-bench-press,https://musclewiki.com/smith-machine/female/anterior-deltoid/smith-machine-bench-press
Smith Machine Incline Bench Press,"Anterior Deltoid, Chest, Upper Pectoralis, Front Shoulders",Smith-Machine,Beginner,https://musclewiki.com/smith-machine/male/anterior-deltoid/smith-machine-incline-bench-press,https://musclewiki.com/smith-machine/female/anterior-deltoid/smith-machine-incline-bench-press
Posterior Deltoid,,,,,
Cable Rope Kneeling Face Pull,"Posterior Deltoid, Rear Shoulders",Cables,Novice,https://musclewiki.com/cables/male/posterior-deltoid/cable-rope-kneeling-face-pull,https://musclewiki.com/cables/female/posterior-deltoid/cable-rope-kneeling-face-pull
Triceps,,,,,
Barbell Close Grip Bench Press,"Triceps, Lateral Head Triceps, Medial Head Triceps",Barbell,Intermediate,https://musclewiki.com/barbell/male/triceps/barbell-close-grip-bench-press,https://musclewiki.com/barbell/female/triceps/barbell-close-grip-bench-press
Barbell Floor Press,"Triceps, Chest",Barbell,Advanced,https://musclewiki.com/barbell/male/triceps/barbell-floor-press,https://musclewiki.com/barbell/female/triceps/barbell-floor-press
Barbell Skullcrusher,Triceps,Barbell,Intermediate,https://musclewiki.com/barbell/male/triceps/barbell-skullcrusher,https://musclewiki.com/barbell/female/triceps/barbell-skullcrusher
Barbell Overhead Tricep Extension,"Triceps, Long Head Tricep",Barbell,Advanced,https://musclewiki.com/barbell/male/triceps/barbell-overhead-tricep-extension,https://musclewiki.com/barbell/female/triceps/barbell-overhead-tricep-extension
Barbell Spoto Press,"Triceps, Chest",Barbell,Advanced,https://musclewiki.com/barbell/male/triceps/barbell-spoto-press,https://musclewiki.com/barbell/female/triceps/barbell-spoto-press
Landmine Lying Tricep Extension,Triceps,Barbell,Intermediate,https://musclewiki.com/barbell/male/triceps/landmine-lying-tricep-extension,https://musclewiki.com/barbell/female/triceps/landmine-lying-tricep-extension
Landmine Single Arm Chest Press,"Triceps, Chest",Barbell,Intermediate,https://musclewiki.com/barbell/male/triceps/landmine-single-arm-chest-press,https://musclewiki.com/barbell/female/triceps/landmine-single-arm-chest-press
Dumbbell Seated Overhead Tricep Extension,Triceps,Dumbbells,Intermediate,https://musclewiki.com/dumbbells/male/triceps/dumbbell-seated-overhead-tricep-extension,https://musclewiki.com/dumbbells/female/triceps/dumbbell-seated-overhead-tricep-extension
Dumbbell Skullcrusher,"Triceps, Lateral Head Triceps",Dumbbells,Beginner,https://musclewiki.com/dumbbells/male/triceps/dumbbell-skullcrusher,https://musclewiki.com/dumbbells/female/triceps/dumbbell-skullcrusher
Dumbbell Alternating Single Arm Press,"Triceps, Chest",Dumbbells,Intermediate,https://musclewiki.com/dumbbells/male/triceps/dumbbell-alternating-single-arm-press,https://musclewiki.com/dumbbells/female/triceps/dumbbell-alternating-single-arm-press
Dumbbell Bench Press,"Triceps, Chest, Mid and Lower Chest",Dumbbells,Novice,https://musclewiki.com/dumbbells/male/triceps/dumbbell-bench-press,https://musclewiki.com/dumbbells/female/triceps/dumbbell-bench-press
Dumbbell Decline Alternating Single Arm Press,"Triceps, Chest",Dumbbells,Intermediate,https://musclewiki.com/dumbbells/male/triceps/dumbbell-decline-alternating-single-arm-press,https://musclewiki.com/dumbbells/female/triceps/dumbbell-decline-alternating-single-arm-press
Dumbbell Decline Bench Press,"Triceps, Chest",Dumbbells,Novice,https://musclewiki.com/dumbbells/male/triceps/dumbbell-decline-bench-press,https://musclewiki.com/dumbbells/female/triceps/dumbbell-decline-bench-press
Dumbbell Decline Guillotine Bench Press,"Triceps, Chest",Dumbbells,Advanced,https://musclewiki.com/dumbbells/male/triceps/dumbbell-decline-guillotine-bench-press,https://musclewiki.com/dumbbells/female/triceps/dumbbell-decline-guillotine-bench-press
Dumbbell Decline Single Arm Bench Press,"Triceps, Chest",Dumbbells,Intermediate,https://musclewiki.com/dumbbells/male/triceps/dumbbell-decline-single-arm-bench-press,https://musclewiki.com/dumbbells/female/triceps/dumbbell-decline-single-arm-bench-press
Dumbbell Decline Skullcrusher,Triceps,Dumbbells,Beginner,https://musclewiki.com/dumbbells/male/triceps/dumbbell-decline-skullcrusher,https://musclewiki.com/dumbbells/female/triceps/dumbbell-decline-skullcrusher
Dumbbell Decline Squeeze Press,"Triceps, Chest",Dumbbells,Intermediate,https://musclewiki.com/dumbbells/male/triceps/dumbbell-decline-squeeze-press,https://musclewiki.com/dumbbells/female/triceps/dumbbell-decline-squeeze-press
Dumbbell Guillotine Bench Press,"Triceps, Chest",Dumbbells,Advanced,https://musclewiki.com/dumbbells/male/triceps/dumbbell-guillotine-bench-press,https://musclewiki.com/dumbbells/female/triceps/dumbbell-guillotine-bench-press
Dumbbell Guillotine Incline Bench Press,"Triceps, Chest, Upper Pectoralis",Dumbbells,Advanced,https://musclewiki.com/dumbbells/male/triceps/dumbbell-guillotine-incline-bench-press,https://musclewiki.com/dumbbells/female/triceps/dumbbell-guillotine-incline-bench-press
Dumbbell Rolling Tricep Extension,"Triceps, Long Head Tricep, Lateral Head Triceps, Medial Head Triceps",Dumbbells,Advanced,https://musclewiki.com/dumbbells/male/triceps/dumbbell-rolling-tricep-extension,https://musclewiki.com/dumbbells/female/triceps/dumbbell-rolling-tricep-extension
Dumbbell Squeeze Press,"Triceps, Chest",Dumbbells,Novice,https://musclewiki.com/dumbbells/male/triceps/dumbbell-squeeze-press,https://musclewiki.com/dumbbells/female/triceps/dumbbell-squeeze-press
Dumbbell Single Arm Press,"Triceps, Chest",Dumbbells,Intermediate,https://musclewiki.com/dumbbells/male/triceps/dumbbell-single-arm-press,https://musclewiki.com/dumbbells/female/triceps/dumbbell-single-arm-press
Dumbbell Overhead Tricep Extension,Triceps,Dumbbells,Beginner,https://musclewiki.com/dumbbells/male/triceps/dumbbell-overhead-tricep-extension,https://musclewiki.com/dumbbells/female/triceps/dumbbell-overhead-tricep-extension
Dumbbell Tricep Kickback,Triceps,Dumbbells,Beginner,https://musclewiki.com/dumbbells/male/triceps/dumbbell-tricep-kickback,https://musclewiki.com/dumbbells/female/triceps/dumbbell-tricep-kickback
Dumbbell Elevated Pushup,"Triceps, Chest",Dumbbells,Intermediate,https://musclewiki.com/dumbbells/male/triceps/dumbbell-elevated-pushup,https://musclewiki.com/dumbbells/female/triceps/dumbbell-elevated-pushup
Dumbbell Single Arm Overhead Tricep Extension,Triceps,Dumbbells,Beginner,https://musclewiki.com/dumbbells/male/triceps/dumbbell-single-arm-overhead-tricep-extension,https://musclewiki.com/dumbbells/female/triceps/dumbbell-single-arm-overhead-tricep-extension
Dumbbell Tate Press,Triceps,Dumbbells,Intermediate,https://musclewiki.com/dumbbells/male/triceps/dumbbell-tate-press,https://musclewiki.com/dumbbells/female/triceps/dumbbell-tate-press
Dumbbell Incline Skullover,"Triceps, Long Head Tricep, Lateral Head Triceps, Medial Head Triceps",Dumbbells,Advanced,https://musclewiki.com/dumbbells/male/triceps/dumbbell-incline-skullover,https://musclewiki.com/dumbbells/female/triceps/dumbbell-incline-skullover
Dumbbell Floor Press,"Triceps, Chest",Dumbbells,Beginner,https://musclewiki.com/dumbbells/male/triceps/dumbbell-floor-press,https://musclewiki.com/dumbbells/female/triceps/dumbbell-floor-press
Dumbbell Weighted Dip,"Triceps, Chest, Mid and Lower Chest",Dumbbells,Intermediate,https://musclewiki.com/dumbbells/male/triceps/dumbbell-weighted-dip,https://musclewiki.com/dumbbells/female/triceps/dumbbell-weighted-dip
Box Dips,"Triceps, Chest, Mid and Lower Chest",Bodyweight,Intermediate,https://musclewiki.com/bodyweight/male/triceps/box-dips,https://musclewiki.com/bodyweight/female/triceps/box-dips
Bench Dips,"Triceps, Lateral Head Triceps, Medial Head Triceps",Bodyweight,Novice,https://musclewiki.com/bodyweight/male/triceps/bench-dips,https://musclewiki.com/bodyweight/female/triceps/bench-dips
Incline Push Up,"Triceps, Chest",Bodyweight,Beginner,https://musclewiki.com/bodyweight/male/triceps/incline-push-up,https://musclewiki.com/bodyweight/female/triceps/incline-push-up
Decline Push Up,"Triceps, Chest",Bodyweight,Beginner,https://musclewiki.com/bodyweight/male/triceps/decline-push-up,https://musclewiki.com/bodyweight/female/triceps/decline-push-up
Diamond Push Ups,"Triceps, Lateral Head Triceps, Medial Head Triceps",Bodyweight,Beginner,https://musclewiki.com/bodyweight/male/triceps/diamond-push-ups,https://musclewiki.com/bodyweight/female/triceps/diamond-push-ups
Bodyweight Clapping Push Up,"Triceps, Chest, Mid and Lower Chest",Bodyweight,Intermediate,https://musclewiki.com/bodyweight/male/triceps/bodyweight-clapping-push-up,https://musclewiki.com/bodyweight/female/triceps/bodyweight-clapping-push-up
Bodyweight Diamond Knee Push Ups,"Triceps, Chest, Mid and Lower Chest",Bodyweight,Novice,https://musclewiki.com/bodyweight/male/triceps/bodyweight-diamond-knee-push-ups,https://musclewiki.com/bodyweight/female/triceps/bodyweight-diamond-knee-push-ups
Bodyweight Elevated Push Up,"Triceps, Chest",Bodyweight,Intermediate,https://musclewiki.com/bodyweight/male/triceps/bodyweight-elevated-push-up,https://musclewiki.com/bodyweight/female/triceps/bodyweight-elevated-push-up
Bodyweight Explosive Push Up,"Triceps, Chest, Mid and Lower Chest",Bodyweight,Advanced,https://musclewiki.com/bodyweight/male/triceps/bodyweight-explosive-push-up,https://musclewiki.com/bodyweight/female/triceps/bodyweight-explosive-push-up
Bodyweight Incline Knee Push Up,"Triceps, Chest",Bodyweight,Novice,https://musclewiki.com/bodyweight/male/triceps/bodyweight-incline-knee-push-up,https://musclewiki.com/bodyweight/female/triceps/bodyweight-incline-knee-push-up
Bodyweight Knee Push Ups,"Triceps, Chest, Mid and Lower Chest",Bodyweight,Novice,https://musclewiki.com/bodyweight/male/triceps/bodyweight-knee-push-ups,https://musclewiki.com/bodyweight/female/triceps/bodyweight-knee-push-ups
Bodyweight Knee Tricep Extension,Triceps,Bodyweight,Beginner,https://musclewiki.com/bodyweight/male/triceps/bodyweight-knee-tricep-extension,https://musclewiki.com/bodyweight/female/triceps/bodyweight-knee-tricep-extension
Bodyweight Tricep Extension,Triceps,Bodyweight,Intermediate,https://musclewiki.com/bodyweight/male/triceps/bodyweight-tricep-extension,https://musclewiki.com/bodyweight/female/triceps/bodyweight-tricep-extension
Bodyweight Box Assisted Dips,"Triceps, Lateral Head Triceps, Medial Head Triceps, Chest",Bodyweight,Novice,https://musclewiki.com/bodyweight/male/triceps/bodyweight-box-assisted-dips,https://musclewiki.com/bodyweight/female/triceps/bodyweight-box-assisted-dips
Parralel Bar Dips,"Triceps, Chest, Mid and Lower Chest",Bodyweight,Intermediate,https://musclewiki.com/bodyweight/male/triceps/parralel-bar-dips,https://musclewiki.com/bodyweight/female/triceps/parralel-bar-dips
Ring Standing Archer Pushup,"Triceps, Chest",Bodyweight,Intermediate,https://musclewiki.com/bodyweight/male/triceps/ring-standing-archer-pushup,https://musclewiki.com/bodyweight/female/triceps/ring-standing-archer-pushup
Ring Skullcrusher,Triceps,Bodyweight,Beginner,https://musclewiki.com/bodyweight/male/triceps/ring-skullcrusher,https://musclewiki.com/bodyweight/female/triceps/ring-skullcrusher
Machine Cable V Bar Push Downs,Triceps,Machine,Beginner,https://musclewiki.com/machine/male/triceps/machine-cable-v-bar-push-downs,https://musclewiki.com/machine/female/triceps/machine-cable-v-bar-push-downs
Neutral Chest Press,"Triceps, Chest",Machine,Novice,https://musclewiki.com/machine/male/triceps/neutral-chest-press,https://musclewiki.com/machine/female/triceps/neutral-chest-press
Machine Assisted Parralel Bar Dips,"Triceps, Chest, Mid and Lower Chest",Machine,Novice,https://musclewiki.com/machine/male/triceps/machine-assisted-parralel-bar-dips,https://musclewiki.com/machine/female/triceps/machine-assisted-parralel-bar-dips
Machine Chest Press,"Triceps, Chest",Machine,Novice,https://musclewiki.com/machine/male/triceps/machine-chest-press,https://musclewiki.com/machine/female/triceps/machine-chest-press
Medicine Ball Chest Press Partner Toss,"Triceps, Chest",Medicine-Ball,Beginner,https://musclewiki.com/medicine-ball/male/triceps/chest-press-partner-toss,https://musclewiki.com/medicine-ball/female/triceps/chest-press-partner-toss
Medicine Ball Pushup,"Triceps, Chest",Medicine-Ball,Intermediate,https://musclewiki.com/medicine-ball/male/triceps/medicine-ball-push-up,https://musclewiki.com/medicine-ball/female/triceps/medicine-ball-push-up
Medicine Ball Walkover Pushup,"Triceps, Chest",Medicine-Ball,Intermediate,https://musclewiki.com/medicine-ball/male/triceps/walkover-pushup,https://musclewiki.com/medicine-ball/female/triceps/walkover-pushup
Kettlebell Skull Crusher,Triceps,Kettlebells,Intermediate,https://musclewiki.com/kettlebells/male/triceps/kettlebell-skull-crusher,https://musclewiki.com/kettlebells/female/triceps/kettlebell-skull-crusher
Kettlebell Chest Press (Single),"Triceps, Chest",Kettlebells,Beginner,https://musclewiki.com/kettlebells/male/triceps/kettlebell-chest-press-single,https://musclewiki.com/kettlebells/female/triceps/kettlebell-chest-press-single
Kettlebell Single Arm Press,"Triceps, Chest",Kettlebells,Beginner,https://musclewiki.com/kettlebells/male/triceps/kettlebell-single-arm-press,https://musclewiki.com/kettlebells/female/triceps/kettlebell-single-arm-press
Kettlebell Walkover Pushup,"Triceps, Chest",Kettlebells,Advanced,https://musclewiki.com/kettlebells/male/triceps/kettlebell-walkover-pushup,https://musclewiki.com/kettlebells/female/triceps/kettlebell-walkover-pushup
Kettlebell Standing Tricep Extension,Triceps,Kettlebells,Novice,https://musclewiki.com/kettlebells/male/triceps/kettlebell-standing-tricep-extension,https://musclewiki.com/kettlebells/female/triceps/kettlebell-standing-tricep-extension
Kettlebell Decline Skull Crusher,"Triceps, Long Head Tricep",Kettlebells,Advanced,https://musclewiki.com/kettlebells/male/triceps/kettlebell-decline-skull-crusher,https://musclewiki.com/kettlebells/female/triceps/kettlebell-decline-skull-crusher
Kettlebell Tate Press,Triceps,Kettlebells,Intermediate,https://musclewiki.com/kettlebells/male/triceps/kettlebell-tate-press,https://musclewiki.com/kettlebells/female/triceps/kettlebell-tate-press
Kettlebell Bench Press,"Triceps, Chest",Kettlebells,Novice,https://musclewiki.com/kettlebells/male/triceps/kettlebell-bench-press,https://musclewiki.com/kettlebells/female/triceps/kettlebell-bench-press
Kettlebell Guillotine Bench Press,"Triceps, Chest",Kettlebells,Intermediate,https://musclewiki.com/kettlebells/male/triceps/kettlebell-guillotine-bench-press,https://musclewiki.com/kettlebells/female/triceps/kettlebell-guillotine-bench-press
Kettlebell Floor Press,"Triceps, Chest",Kettlebells,Novice,https://musclewiki.com/kettlebells/male/triceps/kettlebell-floor-press,https://musclewiki.com/kettlebells/female/triceps/kettlebell-floor-press
Kettlebell Single Arm Floor Press,"Triceps, Chest",Kettlebells,Novice,https://musclewiki.com/kettlebells/male/triceps/kettlebell-single-arm-floor-press,https://musclewiki.com/kettlebells/female/triceps/kettlebell-single-arm-floor-press
Kettlebell Overhead Tricep Extension,"Triceps, Long Head Tricep",Kettlebells,Intermediate,https://musclewiki.com/kettlebells/male/triceps/kettlebell-overhead-tricep-extension,https://musclewiki.com/kettlebells/female/triceps/kettlebell-overhead-tricep-extension
Kettlebell Incline Guillotine Bench Press,"Triceps, Chest",Kettlebells,Intermediate,https://musclewiki.com/kettlebells/male/triceps/kettlebell-incline-guillotine-bench-press,https://musclewiki.com/kettlebells/female/triceps/kettlebell-incline-guillotine-bench-press
Triceps Stretch Variation Three,Triceps,Stretches,Novice,https://musclewiki.com/stretches/male/triceps/triceps-stretch-variation-three,https://musclewiki.com/stretches/female/triceps/triceps-stretch-variation-three
Triceps Stretch Variation Two,Triceps,Stretches,Novice,https://musclewiki.com/stretches/male/triceps/triceps-stretch-variation-two,https://musclewiki.com/stretches/female/triceps/triceps-stretch-variation-two
Triceps Stretch Variation One,Triceps,Stretches,Novice,https://musclewiki.com/stretches/male/triceps/triceps-stretch-variation-one,https://musclewiki.com/stretches/female/triceps/triceps-stretch-variation-one
Cable Rope Pushdown,"Triceps, Lateral Head Triceps, Medial Head Triceps",Cables,Novice,https://musclewiki.com/cables/male/triceps/cable-rope-pushdown,https://musclewiki.com/cables/female/triceps/cable-rope-pushdown
Cable Cross Pushdown,Triceps,Cables,Advanced,https://musclewiki.com/cables/male/triceps/cable-cross-pushdown,https://musclewiki.com/cables/female/triceps/cable-cross-pushdown
Cable Rope Skullcrusher,Triceps,Cables,Beginner,https://musclewiki.com/cables/male/triceps/cable-rope-skullcrusher,https://musclewiki.com/cables/female/triceps/cable-rope-skullcrusher
Cable Rope Overhead Tricep Extension,"Triceps, Long Head Tricep",Cables,Beginner,https://musclewiki.com/cables/male/triceps/cable-rope-overhead-tricep-extension,https://musclewiki.com/cables/female/triceps/cable-rope-overhead-tricep-extension
Cable Tricep Kickback,"Triceps, Lateral Head Triceps, Medial Head Triceps",Cables,Beginner,https://musclewiki.com/cables/male/triceps/cable-tricep-kickback,https://musclewiki.com/cables/female/triceps/cable-tricep-kickback
Cable Single Arm Incline Bench Press,"Triceps, Chest, Upper Pectoralis",Cables,Beginner,https://musclewiki.com/cables/male/triceps/cable-single-arm-incline-bench-press,https://musclewiki.com/cables/female/triceps/cable-single-arm-incline-bench-press
Cable Bar Reverse Grip Pushdown,"Triceps, Lateral Head Triceps, Medial Head Triceps",Cables,Beginner,https://musclewiki.com/cables/male/triceps/cable-bar-reverse-grip-pushdown,https://musclewiki.com/cables/female/triceps/cable-bar-reverse-grip-pushdown
Cable Bar Pushdown,"Triceps, Lateral Head Triceps, Medial Head Triceps",Cables,Novice,https://musclewiki.com/cables/male/triceps/cable-bar-pushdown,https://musclewiki.com/cables/female/triceps/cable-bar-pushdown
Cable Single Arm Skullcrusher,Triceps,Cables,Beginner,https://musclewiki.com/cables/male/triceps/cable-single-arm-skullcrusher,https://musclewiki.com/cables/female/triceps/cable-single-arm-skullcrusher
Cable Single Arm Rope Pushdown,"Triceps, Lateral Head Triceps, Medial Head Triceps",Cables,Novice,https://musclewiki.com/cables/male/triceps/cable-single-arm-rope-pushdown,https://musclewiki.com/cables/female/triceps/cable-single-arm-rope-pushdown
Cable Single Arm Cross Pushdown,Triceps,Cables,Beginner,https://musclewiki.com/cables/male/triceps/cable-single-arm-cross-pushdown,https://musclewiki.com/cables/female/triceps/cable-single-arm-cross-pushdown
Band Single Arm Chest Press,"Triceps, Chest",Band,Beginner,https://musclewiki.com/band/male/triceps/band-single-arm-chest-press,https://musclewiki.com/band/female/triceps/band-single-arm-chest-press
Band Overhead Tricep Extension,"Triceps, Long Head Tricep",Band,Advanced,https://musclewiki.com/band/male/triceps/band-overhead-tricep-extension,https://musclewiki.com/band/female/triceps/band-overhead-tricep-extension
Band Pushdown,Triceps,Band,Novice,https://musclewiki.com/band/male/triceps/band-pushdown,https://musclewiki.com/band/female/triceps/band-pushdown
Band Pushup,"Triceps, Chest, Mid and Lower Chest",Band,Intermediate,https://musclewiki.com/band/male/triceps/band-pushup,https://musclewiki.com/band/female/triceps/band-pushup
Band Skullcrusher,Triceps,Band,Advanced,https://musclewiki.com/band/male/triceps/band-skullcrusher,https://musclewiki.com/band/female/triceps/band-skullcrusher
Band Chest Press,"Triceps, Chest",Band,Novice,https://musclewiki.com/band/male/triceps/band-chest-press,https://musclewiki.com/band/female/triceps/band-chest-press
Band Rapunzel Pushdown,Triceps,Band,Beginner,https://musclewiki.com/band/male/triceps/band-rapunzel-pushdown,https://musclewiki.com/band/female/triceps/band-rapunzel-pushdown
Band Single Arm Pushdown,Triceps,Band,Novice,https://musclewiki.com/band/male/triceps/band-single-arm-pushdown,https://musclewiki.com/band/female/triceps/band-single-arm-pushdown
Single Arm Rapunzel Pushdown,Triceps,Band,Beginner,https://musclewiki.com/band/male/triceps/single-arm-rapunzel-pushdown,https://musclewiki.com/band/female/triceps/single-arm-rapunzel-pushdown
Band Single Arm Skullcrusher,Triceps,Band,Beginner,https://musclewiki.com/band/male/triceps/band-single-arm-skullcrusher,https://musclewiki.com/band/female/triceps/band-single-arm-skullcrusher
Plate Overhead Tricep Extension,Triceps,Plate,Novice,https://musclewiki.com/plate/male/triceps/plate-overhead-tricep-extension,https://musclewiki.com/plate/female/triceps/plate-overhead-tricep-extension
Plate Deficit Pushup,"Triceps, Chest",Plate,Advanced,https://musclewiki.com/plate/male/triceps/plate-deficit-pushup,https://musclewiki.com/plate/female/triceps/plate-deficit-pushup
Weighted Diamond Push Ups,"Triceps, Lateral Head Triceps, Medial Head Triceps",Plate,Intermediate,https://musclewiki.com/plate/male/triceps/weighted-diamond-push-ups,https://musclewiki.com/plate/female/triceps/weighted-diamond-push-ups
Weighted Knee Push Ups,"Triceps, Chest, Mid and Lower Chest",Plate,Beginner,https://musclewiki.com/plate/male/triceps/weighted-knee-push-ups,https://musclewiki.com/plate/female/triceps/weighted-knee-push-ups
Plate Weighted Dip,"Triceps, Chest, Mid and Lower Chest",Plate,Intermediate,https://musclewiki.com/plate/male/triceps/plate-weighted-dip,https://musclewiki.com/plate/female/triceps/plate-weighted-dip
TRX Skullcrusher,Triceps,TRX,Beginner,https://musclewiki.com/trx/male/triceps/trx-skullcrusher,https://musclewiki.com/trx/female/triceps/trx-skullcrusher
Child Pose Elbows On Block,Triceps,Yoga,Beginner,https://musclewiki.com/yoga/male/triceps/child-pose-elbows-on-block,https://musclewiki.com/yoga/female/triceps/child-pose-elbows-on-block
One Arm Cow Face Pose,Triceps,Yoga,Beginner,https://musclewiki.com/yoga/male/triceps/one-arm-cow-face-pose,https://musclewiki.com/yoga/female/triceps/one-arm-cow-face-pose
Pyramid Prayer,Triceps,Yoga,Beginner,https://musclewiki.com/yoga/male/triceps/pyramid-prayer,https://musclewiki.com/yoga/female/triceps/pyramid-prayer
Bosu Ball Offset Pushup,"Triceps, Chest",Bosu-Ball,Intermediate,https://musclewiki.com/bosu-ball/male/triceps/bosu-ball-offset-pushup,https://musclewiki.com/bosu-ball/female/triceps/bosu-ball-offset-pushup
Bosu Ball Pushup,"Triceps, Chest",Bosu-Ball,Intermediate,https://musclewiki.com/bosu-ball/male/triceps/bosu-ball-pushup,https://musclewiki.com/bosu-ball/female/triceps/bosu-ball-pushup
Vitruvian Push Up,"Triceps, Chest",Vitruvian,Intermediate,https://musclewiki.com/vitruvian/male/triceps/vitruvian-push-up,https://musclewiki.com/vitruvian/female/triceps/vitruvian-push-up
Smith Machine Skullcrusher,"Triceps, Lateral Head Triceps",Smith-Machine,Intermediate,https://musclewiki.com/smith-machine/male/triceps/smith-machine-skullcrusher,https://musclewiki.com/smith-machine/female/triceps/smith-machine-skullcrusher
Smith Machine Guillotine Bench Press,"Triceps, Chest",Smith-Machine,Intermediate,https://musclewiki.com/smith-machine/male/triceps/smith-machine-guillotine-bench-press,https://musclewiki.com/smith-machine/female/triceps/smith-machine-guillotine-bench-press
Smith Machine Close Grip Bench Press,"Triceps, Lateral Head Triceps, Medial Head Triceps",Smith-Machine,Beginner,https://musclewiki.com/smith-machine/male/triceps/smith-machine-close-grip-bench-press,https://musclewiki.com/smith-machine/female/triceps/smith-machine-close-grip-bench-press
Smith Machine Bodyweight Skullcrusher,Triceps,Smith-Machine,Beginner,https://musclewiki.com/smith-machine/male/triceps/smith-machine-bodyweight-skullcrusher,https://musclewiki.com/smith-machine/female/triceps/smith-machine-bodyweight-skullcrusher
Elbow Extensor Mobilisation Kneeling Lacrosse Ball,Triceps,Recovery,Beginner,https://musclewiki.com/recovery/male/triceps/elbow-extensor-mobilisation-kneeling-lacrosse-ball,https://musclewiki.com/recovery/female/triceps/elbow-extensor-mobilisation-kneeling-lacrosse-ball
Elbow Extensor Isometric Seated Overhead Dumbbell,Triceps,Recovery,Beginner,https://musclewiki.com/recovery/male/triceps/elbow-extensor-isometric-seated-overhead-dumbbell,https://musclewiki.com/recovery/female/triceps/elbow-extensor-isometric-seated-overhead-dumbbell
Long Head Tricep,,,,,
Lateral Head Triceps,,,,,
Medial Head Triceps,,,,,
Traps,,,,,
Barbell Shrug,Traps,Barbell,Beginner,https://musclewiki.com/barbell/male/traps/barbell-shrug,https://musclewiki.com/barbell/female/traps/barbell-shrug
Dumbbell Seated Shrug,"Traps, Upper Traps",Dumbbells,Novice,https://musclewiki.com/dumbbells/male/traps/dumbbell-seated-shrug,https://musclewiki.com/dumbbells/female/traps/dumbbell-seated-shrug
Dumbbell Shrug,"Traps, Upper Traps",Dumbbells,Novice,https://musclewiki.com/dumbbells/male/traps/dumbbell-shrug,https://musclewiki.com/dumbbells/female/traps/dumbbell-shrug
Dumbbell Laying 30 Degree Shrug,Traps,Dumbbells,Intermediate,https://musclewiki.com/dumbbells/male/traps/dumbbell-laying-30-degree-shrug,https://musclewiki.com/dumbbells/female/traps/dumbbell-laying-30-degree-shrug
Elevated Pike Shoulder Shrug,"Traps, Upper Traps",Bodyweight,Intermediate,https://musclewiki.com/bodyweight/male/traps/elevated-pike-shoulder-shrug,https://musclewiki.com/bodyweight/female/traps/elevated-pike-shoulder-shrug
Bodyweight Pike Shrug,"Traps, Upper Traps",Bodyweight,Intermediate,https://musclewiki.com/bodyweight/male/traps/bodyweight-pike-shrug,https://musclewiki.com/bodyweight/female/traps/bodyweight-pike-shrug
Smith Machine Standing Shrugs,"Traps, Upper Traps",Machine,Beginner,https://musclewiki.com/machine/male/traps/smith-machine-standing-shrugs,https://musclewiki.com/machine/female/traps/smith-machine-standing-shrugs
Kettlebell Shrug (Single),Traps,Kettlebells,Novice,https://musclewiki.com/kettlebells/male/traps/kettlebell-shrug-single,https://musclewiki.com/kettlebells/female/traps/kettlebell-shrug-single
Kettlebell Shrug,"Traps, Upper Traps",Kettlebells,Novice,https://musclewiki.com/kettlebells/male/traps/kettlebell-shrug,https://musclewiki.com/kettlebells/female/traps/kettlebell-shrug
Traps Stretch Variation Three,Traps,Stretches,Novice,https://musclewiki.com/stretches/male/traps/traps-stretch-variation-three,https://musclewiki.com/stretches/female/traps/traps-stretch-variation-three
Traps Stretch Variation Two,Traps,Stretches,Novice,https://musclewiki.com/stretches/male/traps/traps-stretch-variation-two,https://musclewiki.com/stretches/female/traps/traps-stretch-variation-two
Traps Stretch Variation One,Traps,Stretches,Novice,https://musclewiki.com/stretches/male/traps/traps-stretch-variation-one,https://musclewiki.com/stretches/female/traps/traps-stretch-variation-one
Cable 30 Degree Shrug,"Traps, Upper Traps",Cables,Beginner,https://musclewiki.com/cables/male/traps/cable-30-degree-shrug,https://musclewiki.com/cables/female/traps/cable-30-degree-shrug
Cable Single Arm 30 Degree Shrug,"Traps, Upper Traps",Cables,Beginner,https://musclewiki.com/cables/male/traps/cable-single-arm-30-degree-shrug,https://musclewiki.com/cables/female/traps/cable-single-arm-30-degree-shrug
Band Shrug,Traps,Band,Novice,https://musclewiki.com/band/male/traps/band-shrug,https://musclewiki.com/band/female/traps/band-shrug
Plate Overhead Shrug,Traps,Plate,Advanced,https://musclewiki.com/plate/male/traps/plate-overhead-shrug,https://musclewiki.com/plate/female/traps/plate-overhead-shrug
Criss Cross Bow Tie Pose,Traps,Yoga,Beginner,https://musclewiki.com/yoga/male/traps/bow-tie-pose,https://musclewiki.com/yoga/female/traps/bow-tie-pose
Eagle Arms Chin Into Chest,Traps,Yoga,Beginner,https://musclewiki.com/yoga/male/traps/eagle-arms-chin-into-chest,https://musclewiki.com/yoga/female/traps/eagle-arms-chin-into-chest
Easy Pose Neck Stretch,Traps,Yoga,Beginner,https://musclewiki.com/yoga/male/traps/easy-pose-neck-stretch,https://musclewiki.com/yoga/female/traps/easy-pose-neck-stretch
Half Neck Rolls,Traps,Yoga,Beginner,https://musclewiki.com/yoga/male/traps/half-neck-rolls,https://musclewiki.com/yoga/female/traps/half-neck-rolls
Thread The Needle Hip Over Knees,Traps,Yoga,Intermediate,https://musclewiki.com/yoga/male/traps/thread-the-needle-hip-over-knees,https://musclewiki.com/yoga/female/traps/thread-the-needle-hip-over-knees
Bosu Ball Pike Shrug,"Traps, Upper Traps",Bosu-Ball,Beginner,https://musclewiki.com/bosu-ball/male/traps/pike-shrug,https://musclewiki.com/bosu-ball/female/traps/pike-shrug
Vitruvian Shrug,Traps,Vitruvian,Beginner,https://musclewiki.com/vitruvian/male/traps/shrug,https://musclewiki.com/vitruvian/female/traps/shrug
Seated Upper Trap And Suprispinatus Stretch,Traps,Recovery,Novice,https://musclewiki.com/recovery/male/traps/seated-upper-trap-and-suprispinatus-stretch,https://musclewiki.com/recovery/female/traps/seated-upper-trap-and-suprispinatus-stretch
Thoracic Flexion And Extensions,Traps,Recovery,Novice,https://musclewiki.com/recovery/male/shoulders/thoracic-flexion-and-extensions,https://musclewiki.com/recovery/female/shoulders/thoracic-flexion-and-extensions
Shoulder Flexion Thoracic Extensions,Traps,Recovery,Novice,https://musclewiki.com/recovery/male/shoulders/shoulder-flexion-thoracic-extensions,https://musclewiki.com/recovery/female/shoulders/shoulder-flexion-thoracic-extensions
Thoracic Extensions Foam Roller,Traps,Recovery,Novice,https://musclewiki.com/recovery/male/scapula/thoracic-extensions-foam-roller,https://musclewiki.com/recovery/female/scapula/thoracic-extensions-foam-roller
Upper Traps,,,,,
Scapular Elevation,Upper Traps,Recovery,Novice,https://musclewiki.com/recovery/male/upper-trapezius/scapular-elevation,https://musclewiki.com/recovery/female/upper-trapezius/scapular-elevation
Lower Traps,,,,,
Scapular Depression,Lower Traps,Recovery,Novice,https://musclewiki.com/recovery/male/scapula/scapular-depression,https://musclewiki.com/recovery/female/scapula/scapular-depression
Quads,,,,,
Barbell Landmine Sissy Squat,Quads,Barbell,Advanced,https://musclewiki.com/barbell/male/quads/barbell-landmine-sissy-squat,https://musclewiki.com/barbell/female/quads/barbell-landmine-sissy-squat
Dumbbell Leg Extension,Quads,Dumbbells,Beginner,https://musclewiki.com/dumbbells/male/quads/dumbbell-leg-extension,https://musclewiki.com/dumbbells/female/quads/dumbbell-leg-extension
Bodyweight Reverse Step Up,"Quads, Rectus Femoris",Bodyweight,Advanced,https://musclewiki.com/bodyweight/male/quads/bodyweight-reverse-step-up,https://musclewiki.com/bodyweight/female/quads/bodyweight-reverse-step-up
Wall Sit,Quads,Bodyweight,Novice,https://musclewiki.com/bodyweight/male/quads/wall-sit,https://musclewiki.com/bodyweight/female/quads/wall-sit
Machine Leg Extension,Quads,Machine,Novice,https://musclewiki.com/machine/male/quads/machine-leg-extension,https://musclewiki.com/machine/female/quads/machine-leg-extension
Machine Sissy Squat,"Quads, Rectus Femoris",Machine,Intermediate,https://musclewiki.com/machine/male/quads/machine-sissy-squat,https://musclewiki.com/machine/female/quads/machine-sissy-squat
Machine Goblet Sissy Squat,"Quads, Rectus Femoris",Machine,Intermediate,https://musclewiki.com/machine/male/quads/machine-goblet-sissy-squat,https://musclewiki.com/machine/female/quads/machine-goblet-sissy-squat
Quads Stretch Variation Four,Quads,Stretches,Novice,https://musclewiki.com/stretches/male/quads/quads-stretch-variation-four,https://musclewiki.com/stretches/female/quads/quads-stretch-variation-four
Quads Stretch Variation Three,Quads,Stretches,Novice,https://musclewiki.com/stretches/male/quads/quads-stretch-variation-three,https://musclewiki.com/stretches/female/quads/quads-stretch-variation-three
Quads Stretch Variation Two,Quads,Stretches,Novice,https://musclewiki.com/stretches/male/quads/quads-stretch-variation-two,https://musclewiki.com/stretches/female/quads/quads-stretch-variation-two
Quads Stretch Variation One,Quads,Stretches,Novice,https://musclewiki.com/stretches/male/quads/quads-stretch-variation-one,https://musclewiki.com/stretches/female/quads/quads-stretch-variation-one
Cable Standing Leg Extension,"Quads, Rectus Femoris",Cables,Advanced,https://musclewiki.com/cables/male/quads/cable-standing-leg-extension,https://musclewiki.com/cables/female/quads/cable-standing-leg-extension
Cable Seated Leg Extension,Quads,Cables,Beginner,https://musclewiki.com/cables/male/quads/cable-seated-leg-extension,https://musclewiki.com/cables/female/quads/cable-seated-leg-extension
Band Leg Extension,Quads,Band,Beginner,https://musclewiki.com/band/male/quads/band-leg-extension,https://musclewiki.com/band/female/quads/band-leg-extension
Weighted Wall Sit,Quads,Plate,Beginner,https://musclewiki.com/plate/male/quads/weighted-wall-sit,https://musclewiki.com/plate/female/quads/weighted-wall-sit
Chair Pose,Quads,Yoga,Beginner,https://musclewiki.com/yoga/male/quads/chair-pose,https://musclewiki.com/yoga/female/quads/chair-pose
Crescent Moon Pose,Quads,Yoga,Beginner,https://musclewiki.com/yoga/male/quads/crescent-moon-pose,https://musclewiki.com/yoga/female/quads/crescent-moon-pose
Crescent Moon Pose Quad Stretch,Quads,Yoga,Intermediate,https://musclewiki.com/yoga/male/quads/crescent-moon-pose-quad-stretch,https://musclewiki.com/yoga/female/quads/crescent-moon-pose-quad-stretch
Crescent Moon Pose Quad Stretch With Block,Quads,Yoga,Beginner,https://musclewiki.com/yoga/male/quads/crescent-moon-pose-quad-stretch-with-block,https://musclewiki.com/yoga/female/quads/crescent-moon-pose-quad-stretch-with-block
Lord Of The Dance,Quads,Yoga,Intermediate,https://musclewiki.com/yoga/male/quads/lord-of-the-dance,https://musclewiki.com/yoga/female/quads/lord-of-the-dance
Monkey Pose,Quads,Yoga,Advanced,https://musclewiki.com/yoga/male/quads/monkey-pose,https://musclewiki.com/yoga/female/quads/monkey-pose
Runners Lunge,Quads,Yoga,Beginner,https://musclewiki.com/yoga/male/quads/runners-lunge,https://musclewiki.com/yoga/female/quads/runners-lunge
Treadmill Backwards Walk,Quads,Cardio,Beginner,https://musclewiki.com/cardio/male/quads/treadmill-backwards-walk,https://musclewiki.com/cardio/female/quads/treadmill-backwards-walk
Smith Machine Sissy Squat,"Quads, Rectus Femoris",Smith-Machine,Advanced,https://musclewiki.com/smith-machine/male/quads/smith-machine-sissy-squat,https://musclewiki.com/smith-machine/female/quads/smith-machine-sissy-squat
Kneeling Quad Stretch,Quads,Recovery,Beginner,https://musclewiki.com/recovery/male/quads/quad-stretch-kneeling,https://musclewiki.com/recovery/female/quads/quad-stretch-kneeling
Towel Knee Extension,Quads,Recovery,Beginner,https://musclewiki.com/recovery/male/quads/knee-extension-seated-active-floor-towel,https://musclewiki.com/recovery/female/quads/knee-extension-seated-active-floor-towel
Seated Quad Stretch,Quads,Recovery,Beginner,https://musclewiki.com/recovery/male/quads/quad-stretch-seated,https://musclewiki.com/recovery/female/quads/quad-stretch-seated
Band Floor Quad Stretch,Quads,Recovery,Beginner,https://musclewiki.com/recovery/male/quads/quad-stretch-floor-prone,https://musclewiki.com/recovery/female/quads/quad-stretch-floor-prone
Foam Roller Quad Mobilisation,Quads,Recovery,Beginner,https://musclewiki.com/recovery/male/quads/quad-mobilisation-floor-foam-roller,https://musclewiki.com/recovery/female/quads/quad-mobilisation-floor-foam-roller
Seated Hip Flexion Hold,"Quads, Rectus Femoris",Recovery,Beginner,https://musclewiki.com/recovery/male/quads/hip-flexion-seated-bench-isometric,https://musclewiki.com/recovery/female/quads/hip-flexion-seated-bench-isometric
Femoral Nerve Mobilisation,Quads,Recovery,Novice,https://musclewiki.com/recovery/male/quads/femoral-nerve-mobilisation,https://musclewiki.com/recovery/female/quads/femoral-nerve-mobilisation
Knee Extension Seated Partial,Quads,Recovery,Beginner,https://musclewiki.com/recovery/male/quads/knee-extension-seated-partial,https://musclewiki.com/recovery/female/quads/knee-extension-seated-partial
Towel Knee Extension Hold,Quads,Recovery,Beginner,https://musclewiki.com/recovery/male/quads/knee-extension-seated-isometric-floor-towel,https://musclewiki.com/recovery/female/quads/knee-extension-seated-isometric-floor-towel
Band Knee Extension,Quads,Recovery,Beginner,https://musclewiki.com/recovery/male/quads/knee-extension-closed-chain-standing-resisted,https://musclewiki.com/recovery/female/quads/knee-extension-closed-chain-standing-resisted
Hip Flexor Stretch Kneeling Lunge 3,"Quads, Rectus Femoris",Recovery,Beginner,https://musclewiki.com/recovery/male/quads/hip-flexor-stretch-kneeling-lunge-3,https://musclewiki.com/recovery/female/quads/hip-flexor-stretch-kneeling-lunge-3
Hip Flexor Stretch Kneeling Lunge 2,"Quads, Rectus Femoris",Recovery,Beginner,https://musclewiki.com/recovery/male/quads/hip-flexor-stretch-kneeling-lunge-2,https://musclewiki.com/recovery/female/quads/hip-flexor-stretch-kneeling-lunge-2
Hip Flexor Stretch Kneeling Lunge 1,"Quads, Rectus Femoris",Recovery,Beginner,https://musclewiki.com/recovery/male/quads/hip-flexor-stretch-kneeling-lunge-1,https://musclewiki.com/recovery/female/quads/hip-flexor-stretch-kneeling-lunge-1
Standing Mini-Band Hip Flexion,"Quads, Rectus Femoris",Recovery,Beginner,https://musclewiki.com/recovery/male/quads/hip-flexions-standing-resisted,https://musclewiki.com/recovery/female/quads/hip-flexions-standing-resisted
Inner Thigh,,,,,
Machine Hip Adduction,"Inner Thigh, Groin",Machine,Novice,https://musclewiki.com/machine/male/inner-thigh/machine-hip-adduction,https://musclewiki.com/machine/female/inner-thigh/machine-hip-adduction
Machine Hip And Glute Adduction,"Inner Thigh, Groin",Machine,Novice,https://musclewiki.com/machine/male/inner-thigh/machine-hip-and-glute-adduction,https://musclewiki.com/machine/female/inner-thigh/machine-hip-and-glute-adduction
Adductor Stretch Seated Bilateral Static,Inner Thigh,Recovery,Beginner,https://musclewiki.com/recovery/male/inner-thigh/adductor-stretch-seated-bilateral-static,https://musclewiki.com/recovery/female/inner-thigh/adductor-stretch-seated-bilateral-static
Adductor Stretch Seated Bilateral Dynamic,Inner Thigh,Recovery,Beginner,https://musclewiki.com/recovery/male/inner-thigh/adductor-stretch-seated-bilateral-dynamic,https://musclewiki.com/recovery/female/inner-thigh/adductor-stretch-seated-bilateral-dynamic
Adductor Stretch Dynamic Unilateral 4 Point Position,Inner Thigh,Recovery,Beginner,https://musclewiki.com/recovery/male/inner-thigh/adductor-stretch-dynamic-unilateral-4-point-position,https://musclewiki.com/recovery/female/inner-thigh/adductor-stretch-dynamic-unilateral-4-point-position
Adductor Stretch Dynamic Standing Alternate,Inner Thigh,Recovery,Beginner,https://musclewiki.com/recovery/male/inner-thigh/adductor-stretch-dynamic-standing-alternate,https://musclewiki.com/recovery/female/inner-thigh/adductor-stretch-dynamic-standing-alternate
Adductor Raise Side Lying Short Lever,Inner Thigh,Recovery,Intermediate,https://musclewiki.com/recovery/male/inner-thigh/adductor-raise-side-lying-short-lever,https://musclewiki.com/recovery/female/inner-thigh/adductor-raise-side-lying-short-lever
Adductor Raise Side Lying Long Lever,Inner Thigh,Recovery,Advanced,https://musclewiki.com/recovery/male/inner-thigh/adductor-raise-side-lying-long-lever,https://musclewiki.com/recovery/female/inner-thigh/adductor-raise-side-lying-long-lever
Adductor Leg Raise Side Lying Isometric,Inner Thigh,Recovery,Beginner,https://musclewiki.com/recovery/male/inner-thigh/adductor-leg-raise-side-lying-isometric,https://musclewiki.com/recovery/female/inner-thigh/adductor-leg-raise-side-lying-isometric
Adductor Leg Raise Side Lying,Inner Thigh,Recovery,Beginner,https://musclewiki.com/recovery/male/inner-thigh/adductor-leg-raise-side-lying,https://musclewiki.com/recovery/female/inner-thigh/adductor-leg-raise-side-lying
Inner Quadriceps,,,,,
Rectus Femoris,,,,,
Floor Incline Leg Raise,Rectus Femoris,Recovery,Novice,https://musclewiki.com/recovery/male/rectus-femoris/leg-raise-straight-incline-seated,https://musclewiki.com/recovery/female/rectus-femoris/leg-raise-straight-incline-seated
Standing Knee Raise Hold,Rectus Femoris,Recovery,Novice,https://musclewiki.com/recovery/male/rectus-femoris/knee-raise-standing-unilateral,https://musclewiki.com/recovery/female/rectus-femoris/knee-raise-standing-unilateral
Band Straight Leg Hip Flexions,Rectus Femoris,Recovery,Beginner,https://musclewiki.com/recovery/male/rectus-femoris/hip-flexions-straight-leg-standing-resisted,https://musclewiki.com/recovery/female/rectus-femoris/hip-flexions-straight-leg-standing-resisted
Chest,,,,,
Barbell Incline Bench Press,Chest,Barbell,Intermediate,https://musclewiki.com/barbell/male/anterior-deltoid/barbell-incline-bench-press,https://musclewiki.com/barbell/female/anterior-deltoid/barbell-incline-bench-press
Barbell Reverse Grip Bench Press,"Chest, Mid and Lower Chest",Barbell,Intermediate,https://musclewiki.com/barbell/male/chest/barbell-reverse-grip-bench-press,https://musclewiki.com/barbell/female/chest/barbell-reverse-grip-bench-press
Dumbbell Chest Fly,Chest,Dumbbells,Novice,https://musclewiki.com/dumbbells/male/chest/dumbbell-chest-fly,https://musclewiki.com/dumbbells/female/chest/dumbbell-chest-fly
Dumbbell Decline Chest Fly,Chest,Dumbbells,Novice,https://musclewiki.com/dumbbells/male/chest/dumbbell-decline-chest-fly,https://musclewiki.com/dumbbells/female/chest/dumbbell-decline-chest-fly
Dumbbell Incline Chest Fly,"Chest, Upper Pectoralis",Dumbbells,Beginner,https://musclewiki.com/dumbbells/male/chest/dumbbell-incline-chest-fly,https://musclewiki.com/dumbbells/female/chest/dumbbell-incline-chest-fly
Dumbbell Internally Rotated Chest Fly,Chest,Dumbbells,Intermediate,https://musclewiki.com/dumbbells/male/chest/dumbbell-internally-rotated-chest-fly,https://musclewiki.com/dumbbells/female/chest/dumbbell-internally-rotated-chest-fly
Dumbbell Internally Rotated Incline Chest Fly,"Chest, Upper Pectoralis",Dumbbells,Intermediate,https://musclewiki.com/dumbbells/male/chest/dumbbell-internally-rotated-incline-chest-fly,https://musclewiki.com/dumbbells/female/chest/dumbbell-internally-rotated-incline-chest-fly
Dumbbell Reverse Grip Bench Press,"Chest, Mid and Lower Chest",Dumbbells,Intermediate,https://musclewiki.com/dumbbells/male/chest/dumbbell-reverse-grip-bench-press,https://musclewiki.com/dumbbells/female/chest/dumbbell-reverse-grip-bench-press
Push Up,"Chest, Mid and Lower Chest",Bodyweight,Beginner,https://musclewiki.com/bodyweight/male/chest/push-up,https://musclewiki.com/bodyweight/female/chest/push-up
Ring Standing Chest Fly,Chest,Bodyweight,Beginner,https://musclewiki.com/bodyweight/male/chest/ring-standing-chest-fly,https://musclewiki.com/bodyweight/female/chest/ring-standing-chest-fly
Bodyweight Hands Up Push Ups,"Chest, Mid and Lower Chest",Bodyweight,Beginner,https://musclewiki.com/bodyweight/male/chest/bodyweight-hands-up-push-ups,https://musclewiki.com/bodyweight/female/chest/bodyweight-hands-up-push-ups
Leg Raised Push Up,"Chest, Mid and Lower Chest",Bodyweight,Beginner,https://musclewiki.com/bodyweight/male/chest/leg-raised-push-up,https://musclewiki.com/bodyweight/female/chest/leg-raised-push-up
Machine Pec Fly,Chest,Machine,Novice,https://musclewiki.com/machine/male/chest/machine-pec-fly,https://musclewiki.com/machine/female/chest/machine-pec-fly
Medicine Ball Chest Press Slam,Chest,Medicine-Ball,Beginner,https://musclewiki.com/medicine-ball/male/chest/chest-press-slam,https://musclewiki.com/medicine-ball/female/chest/chest-press-slam
Medicine Ball Chest Press Toss,Chest,Medicine-Ball,Beginner,https://musclewiki.com/medicine-ball/male/chest/chest-press-toss,https://musclewiki.com/medicine-ball/female/chest/chest-press-toss
Kettlebell Single Arm Chest Fly,Chest,Kettlebells,Beginner,https://musclewiki.com/kettlebells/male/chest/kettlebell-single-arm-chest-fly,https://musclewiki.com/kettlebells/female/chest/kettlebell-single-arm-chest-fly
Kettlebell Pec Fly,Chest,Kettlebells,Beginner,https://musclewiki.com/kettlebells/male/chest/kettlebell-pec-fly,https://musclewiki.com/kettlebells/female/chest/kettlebell-pec-fly
Chest Stretch Variation Four,Chest,Stretches,Novice,https://musclewiki.com/stretches/male/chest/chest-stretch-variation-four,https://musclewiki.com/stretches/female/chest/chest-stretch-variation-four
Chest Stretch Variation Three,Chest,Stretches,Novice,https://musclewiki.com/stretches/male/chest/chest-stretch-variation-three,https://musclewiki.com/stretches/female/chest/chest-stretch-variation-three
Chest Stretch Variation Two,Chest,Stretches,Novice,https://musclewiki.com/stretches/male/chest/chest-stretch-variation-two,https://musclewiki.com/stretches/female/chest/chest-stretch-variation-two
Chest Stretch Variation One,Chest,Stretches,Novice,https://musclewiki.com/stretches/male/chest/chest-stretch-variation-one,https://musclewiki.com/stretches/female/chest/chest-stretch-variation-one
Cable Pec Fly,"Chest, Mid and Lower Chest",Cables,Beginner,https://musclewiki.com/cables/male/chest/cable-pec-fly,https://musclewiki.com/cables/female/chest/cable-pec-fly
Cable Single Arm Incline Chest Fly,Chest,Cables,Beginner,https://musclewiki.com/cables/male/chest/cable-single-arm-incline-chest-fly,https://musclewiki.com/cables/female/chest/cable-single-arm-incline-chest-fly
Cable Single Arm Bench Chest Fly,"Chest, Mid and Lower Chest",Cables,Beginner,https://musclewiki.com/cables/male/chest/cable-single-arm-bench-chest-fly,https://musclewiki.com/cables/female/chest/cable-single-arm-bench-chest-fly
Cable Single Arm Decline Bench Chest Fly,"Chest, Mid and Lower Chest",Cables,Beginner,https://musclewiki.com/cables/male/chest/cable-single-arm-decline-bench-chest-fly,https://musclewiki.com/cables/female/chest/cable-single-arm-decline-bench-chest-fly
Cable Incline Chest Fly,Chest,Cables,Beginner,https://musclewiki.com/cables/male/chest/cable-incline-chest-fly,https://musclewiki.com/cables/female/chest/cable-incline-chest-fly
Cable Incline Bench Press,"Chest, Upper Pectoralis",Cables,Beginner,https://musclewiki.com/cables/male/chest/cable-incline-bench-press,https://musclewiki.com/cables/female/chest/cable-incline-bench-press
Cable Bench Chest Fly,"Chest, Mid and Lower Chest",Cables,Novice,https://musclewiki.com/cables/male/chest/cable-bench-chest-fly,https://musclewiki.com/cables/female/chest/cable-bench-chest-fly
Cable Decline Bench Chest Fly,"Chest, Mid and Lower Chest",Cables,Beginner,https://musclewiki.com/cables/male/chest/cable-decline-bench-chest-fly,https://musclewiki.com/cables/female/chest/cable-decline-bench-chest-fly
Band Single Arm Pec Fly,Chest,Band,Beginner,https://musclewiki.com/band/male/chest/band-single-arm-pec-fly,https://musclewiki.com/band/female/chest/band-single-arm-pec-fly
Band Chest Fly,Chest,Band,Beginner,https://musclewiki.com/band/male/chest/band-chest-fly,https://musclewiki.com/band/female/chest/band-chest-fly
Band Internally Rotated Chest Fly,Chest,Band,Intermediate,https://musclewiki.com/band/male/chest/band-internally-rotated-chest-fly,https://musclewiki.com/band/female/chest/band-internally-rotated-chest-fly
Weighted Push Ups,"Chest, Mid and Lower Chest",Plate,Intermediate,https://musclewiki.com/plate/male/chest/weighted-push-ups,https://musclewiki.com/plate/female/chest/weighted-push-ups
TRX Pec Fly,Chest,TRX,Intermediate,https://musclewiki.com/trx/male/chest/trx-pec-fly,https://musclewiki.com/trx/female/chest/trx-pec-fly
Bow Pose,Chest,Yoga,Intermediate,https://musclewiki.com/yoga/male/chest/bow-pose,https://musclewiki.com/yoga/female/chest/bow-pose
Mountain,Chest,Yoga,Novice,https://musclewiki.com/yoga/male/chest/mountain,https://musclewiki.com/yoga/female/chest/mountain
Supported Matsyasana Pose,Chest,Yoga,Beginner,https://musclewiki.com/yoga/male/chest/supported-matsyasana-pose,https://musclewiki.com/yoga/female/chest/supported-matsyasana-pose
Tree Pose,Chest,Yoga,Novice,https://musclewiki.com/yoga/male/chest/tree-pose,https://musclewiki.com/yoga/female/chest/tree-pose
Warrior One,Chest,Yoga,Beginner,https://musclewiki.com/yoga/male/chest/warrior-one,https://musclewiki.com/yoga/female/chest/warrior-one
Warrior Two,Chest,Yoga,Beginner,https://musclewiki.com/yoga/male/chest/warrior-two,https://musclewiki.com/yoga/female/chest/warrior-two
Yogi Arm Clock,Chest,Yoga,Beginner,https://musclewiki.com/yoga/male/chest/yogi-arm-clock,https://musclewiki.com/yoga/female/chest/yogi-arm-clock
Vitruvian Bench Press,Chest,Vitruvian,Beginner,https://musclewiki.com/vitruvian/male/chest/bench-press,https://musclewiki.com/vitruvian/female/chest/bench-press
Vitruvian Pec Fly,Chest,Vitruvian,Beginner,https://musclewiki.com/vitruvian/male/chest/pec-fly,https://musclewiki.com/vitruvian/female/chest/pec-fly
Cardio Assault Bike Arms Only,Chest,Cardio,Beginner,https://musclewiki.com/cardio/male/chest/cardio-assault-bike-arms-only,https://musclewiki.com/cardio/female/chest/cardio-assault-bike-arms-only
Smith Machine Pushup,Chest,Smith-Machine,Beginner,https://musclewiki.com/smith-machine/male/chest/smith-machine-pushup,https://musclewiki.com/smith-machine/female/chest/smith-machine-pushup
Serratus Activation Cross Punch,Chest,Recovery,Novice,https://musclewiki.com/recovery/male/shoulders/serratus-activation-cross-punch,https://musclewiki.com/recovery/female/shoulders/serratus-activation-cross-punch
Bosu Serratus Activation Plank,Chest,Recovery,Novice,https://musclewiki.com/recovery/male/shoulders/bosu-serratus-activation-plank,https://musclewiki.com/recovery/female/shoulders/bosu-serratus-activation-plank
Serratus Activation Plank,Chest,Recovery,Novice,https://musclewiki.com/recovery/male/shoulders/serratus-activation-plank,https://musclewiki.com/recovery/female/shoulders/serratus-activation-plank
Upper Pectoralis,,,,,
Mid and Lower Chest,,,,,
Obliques,,,,,
Landmine Kneeling Twist,Obliques,Barbell,Intermediate,https://musclewiki.com/barbell/male/obliques/landmine-kneeling-twist,https://musclewiki.com/barbell/female/obliques/landmine-kneeling-twist
Landmine Oblique Twist,Obliques,Barbell,Advanced,https://musclewiki.com/barbell/male/obliques/landmine-oblique-twist,https://musclewiki.com/barbell/female/obliques/landmine-oblique-twist
Landmine Russian Twist,Obliques,Barbell,Intermediate,https://musclewiki.com/barbell/male/obliques/landmine-russian-twist,https://musclewiki.com/barbell/female/obliques/landmine-russian-twist
Landmine Stationary Twist,Obliques,Barbell,Intermediate,https://musclewiki.com/barbell/male/obliques/landmine-stationary-twist,https://musclewiki.com/barbell/female/obliques/landmine-stationary-twist
Dumbbell Wood Chopper,Obliques,Dumbbells,Intermediate,https://musclewiki.com/dumbbells/male/obliques/dumbbell-wood-chopper,https://musclewiki.com/dumbbells/female/obliques/dumbbell-wood-chopper
Dumbbell Kneeling Wood Chopper,Obliques,Dumbbells,Beginner,https://musclewiki.com/dumbbells/male/obliques/dumbbell-kneeling-wood-chopper,https://musclewiki.com/dumbbells/female/obliques/dumbbell-kneeling-wood-chopper
Dumbbell Overhead Side Bend,Obliques,Dumbbells,Advanced,https://musclewiki.com/dumbbells/male/obliques/dumbbell-overhead-side-bend,https://musclewiki.com/dumbbells/female/obliques/dumbbell-overhead-side-bend
Dumbbell Side Plank Up Down,Obliques,Dumbbells,Beginner,https://musclewiki.com/dumbbells/male/obliques/dumbbell-side-plank-up-down,https://musclewiki.com/dumbbells/female/obliques/dumbbell-side-plank-up-down
Dumbbell Hand Side Plank,Obliques,Dumbbells,Intermediate,https://musclewiki.com/dumbbells/male/obliques/dumbbell-hand-side-plank,https://musclewiki.com/dumbbells/female/obliques/dumbbell-hand-side-plank
Dumbbell Elbow Side Plank,Obliques,Dumbbells,Beginner,https://musclewiki.com/dumbbells/male/obliques/dumbbell-elbow-side-plank,https://musclewiki.com/dumbbells/female/obliques/dumbbell-elbow-side-plank
Dumbbell Long Lever Russian Twist,Obliques,Dumbbells,Advanced,https://musclewiki.com/dumbbells/male/obliques/dumbbell-long-lever-russian-twist,https://musclewiki.com/dumbbells/female/obliques/dumbbell-long-lever-russian-twist
Dumbbell Side Bend,Obliques,Dumbbells,Novice,https://musclewiki.com/dumbbells/male/obliques/dumbbell-side-bend,https://musclewiki.com/dumbbells/female/obliques/dumbbell-side-bend
Side Plank Up Down,Obliques,Bodyweight,Intermediate,https://musclewiki.com/bodyweight/male/obliques/side-plank-up-down,https://musclewiki.com/bodyweight/female/obliques/side-plank-up-down
Side Plank Reach Through,Obliques,Bodyweight,Advanced,https://musclewiki.com/bodyweight/male/obliques/side-plank-reach-through,https://musclewiki.com/bodyweight/female/obliques/side-plank-reach-through
Elbow Side Plank,Obliques,Bodyweight,Novice,https://musclewiki.com/bodyweight/male/obliques/elbow-side-plank,https://musclewiki.com/bodyweight/female/obliques/elbow-side-plank
Hand Side Plank,Obliques,Bodyweight,Beginner,https://musclewiki.com/bodyweight/male/obliques/hand-side-plank,https://musclewiki.com/bodyweight/female/obliques/hand-side-plank
Hand Side Plank Reach Through,Obliques,Bodyweight,Advanced,https://musclewiki.com/bodyweight/male/obliques/hand-side-plank-reach-through,https://musclewiki.com/bodyweight/female/obliques/hand-side-plank-reach-through
Windshield Wiper,Obliques,Bodyweight,Intermediate,https://musclewiki.com/bodyweight/male/obliques/windshield-wiper,https://musclewiki.com/bodyweight/female/obliques/windshield-wiper
Oblique Crunch,Obliques,Bodyweight,Beginner,https://musclewiki.com/bodyweight/male/obliques/oblique-crunch,https://musclewiki.com/bodyweight/female/obliques/oblique-crunch
Oblique Jackknife,Obliques,Bodyweight,Intermediate,https://musclewiki.com/bodyweight/male/obliques/oblique-jackknife,https://musclewiki.com/bodyweight/female/obliques/oblique-jackknife
Bodyweight Thoracic Spine Rotation,Obliques,Bodyweight,Novice,https://musclewiki.com/bodyweight/male/obliques/bodyweight-thoracic-spine-rotation,https://musclewiki.com/bodyweight/female/obliques/bodyweight-thoracic-spine-rotation
Medicine Ball Half Kneeling Wood Chopper,Obliques,Medicine-Ball,Beginner,https://musclewiki.com/medicine-ball/male/obliques/half-kneeling-wood-chopper,https://musclewiki.com/medicine-ball/female/obliques/half-kneeling-wood-chopper
Medicine Ball Kneeling Wood Chopper,Obliques,Medicine-Ball,Beginner,https://musclewiki.com/medicine-ball/male/obliques/medicine-ball-kneeling-wood-chopper,https://musclewiki.com/medicine-ball/female/obliques/medicine-ball-kneeling-wood-chopper
Medicine Ball Partner Side Toss,Obliques,Medicine-Ball,Beginner,https://musclewiki.com/medicine-ball/male/obliques/partner-side-toss,https://musclewiki.com/medicine-ball/female/obliques/partner-side-toss
Medicine Ball Rainbow Slam,Obliques,Medicine-Ball,Beginner,https://musclewiki.com/medicine-ball/male/obliques/rainbow-slam,https://musclewiki.com/medicine-ball/female/obliques/rainbow-slam
Medicine Ball Russian Twist,Obliques,Medicine-Ball,Intermediate,https://musclewiki.com/medicine-ball/male/obliques/russian-twist,https://musclewiki.com/medicine-ball/female/obliques/russian-twist
Medicine Ball Wood Chopper,Obliques,Medicine-Ball,Beginner,https://musclewiki.com/medicine-ball/male/obliques/wood-chopper,https://musclewiki.com/medicine-ball/female/obliques/wood-chopper
Medicine Ball Wood Chopper Toss,Obliques,Medicine-Ball,Beginner,https://musclewiki.com/medicine-ball/male/obliques/wood-chopper-toss,https://musclewiki.com/medicine-ball/female/obliques/wood-chopper-toss
Kettlebell Wood Chopper,Obliques,Kettlebells,Beginner,https://musclewiki.com/kettlebells/male/obliques/kettlebell-wood-chopper,https://musclewiki.com/kettlebells/female/obliques/kettlebell-wood-chopper
Cable Wood Chopper,Obliques,Cables,Beginner,https://musclewiki.com/cables/male/obliques/cable-wood-chopper,https://musclewiki.com/cables/female/obliques/cable-wood-chopper
Cable Pallof Press,Obliques,Cables,Beginner,https://musclewiki.com/cables/male/obliques/cable-pallof-press,https://musclewiki.com/cables/female/obliques/cable-pallof-press
Cable Half Kneeling Low To High Wood Chopper,Obliques,Cables,Beginner,https://musclewiki.com/cables/male/obliques/cable-half-kneeling-low-to-high-wood-chopper,https://musclewiki.com/cables/female/obliques/cable-half-kneeling-low-to-high-wood-chopper
Cable Half Kneeling Wood Chopper,Obliques,Cables,Beginner,https://musclewiki.com/cables/male/obliques/cable-half-kneeling-wood-chopper,https://musclewiki.com/cables/female/obliques/cable-half-kneeling-wood-chopper
Cable Half Kneeling High To Low Wood Chopper,Obliques,Cables,Beginner,https://musclewiki.com/cables/male/obliques/cable-half-kneeling-high-to-low-wood-chopper,https://musclewiki.com/cables/female/obliques/cable-half-kneeling-high-to-low-wood-chopper
Cable Pallof Press Rotation,Obliques,Cables,Beginner,https://musclewiki.com/cables/male/obliques/cable-pallof-press-rotation,https://musclewiki.com/cables/female/obliques/cable-pallof-press-rotation
Cable Oblique Pushdown,Obliques,Cables,Beginner,https://musclewiki.com/cables/male/obliques/cable-oblique-pushdown,https://musclewiki.com/cables/female/obliques/cable-oblique-pushdown
Cable Side Bend,Obliques,Cables,Novice,https://musclewiki.com/cables/male/obliques/cable-side-bend,https://musclewiki.com/cables/female/obliques/cable-side-bend
Band Wood Chopper,Obliques,Band,Advanced,https://musclewiki.com/band/male/obliques/band-wood-chopper,https://musclewiki.com/band/female/obliques/band-wood-chopper
Band Pallof Press,Obliques,Band,Beginner,https://musclewiki.com/band/male/obliques/band-pallof-press,https://musclewiki.com/band/female/obliques/band-pallof-press
Plate Standing Twist,Obliques,Plate,Beginner,https://musclewiki.com/plate/male/obliques/plate-standing-twist,https://musclewiki.com/plate/female/obliques/plate-standing-twist
Plate Wood Chopper,Obliques,Plate,Beginner,https://musclewiki.com/plate/male/obliques/plate-wood-chopper,https://musclewiki.com/plate/female/obliques/plate-wood-chopper
TRX Forearm Side Plank,Obliques,TRX,Intermediate,https://musclewiki.com/trx/male/obliques/trx-forearm-side-plank,https://musclewiki.com/trx/female/obliques/trx-forearm-side-plank
TRX Oblique Crunch,Obliques,TRX,Intermediate,https://musclewiki.com/trx/male/obliques/trx-oblique-crunch,https://musclewiki.com/trx/female/obliques/trx-oblique-crunch
Gate Pose Variation Arm Extended on Side,Obliques,Yoga,Intermediate,https://musclewiki.com/yoga/male/obliques/gate-pose-variation-arm-extended-on-side,https://musclewiki.com/yoga/female/obliques/gate-pose-variation-arm-extended-on-side
Revolved Head To Knee,Obliques,Yoga,Advanced,https://musclewiki.com/yoga/male/obliques/revolved-head-to-knee,https://musclewiki.com/yoga/female/obliques/revolved-head-to-knee
Seated Side Bend Pose,Obliques,Yoga,Beginner,https://musclewiki.com/yoga/male/obliques/seated-side-bend-pose,https://musclewiki.com/yoga/female/obliques/seated-side-bend-pose
Supine Twist Lying,Obliques,Yoga,Beginner,https://musclewiki.com/yoga/male/obliques/supine-twist-lying,https://musclewiki.com/yoga/female/obliques/supine-twist-lying
Wild Thing Pose,Obliques,Yoga,Intermediate,https://musclewiki.com/yoga/male/obliques/wild-thing-pose,https://musclewiki.com/yoga/female/obliques/wild-thing-pose
Bosu Ball Forearm Sideplank,Obliques,Bosu-Ball,Intermediate,https://musclewiki.com/bosu-ball/male/obliques/forearm-sideplank,https://musclewiki.com/bosu-ball/female/obliques/forearm-sideplank
Bosu Ball Hand Sideplank,Obliques,Bosu-Ball,Intermediate,https://musclewiki.com/bosu-ball/male/obliques/hand-sideplank,https://musclewiki.com/bosu-ball/female/obliques/hand-sideplank
Bosu Ball Wood Chopper,Obliques,Bosu-Ball,Beginner,https://musclewiki.com/bosu-ball/male/obliques/wood-chopper,https://musclewiki.com/bosu-ball/female/obliques/wood-chopper
Vitruvian Kneeling Wood Chopper,Obliques,Vitruvian,Beginner,https://musclewiki.com/vitruvian/male/obliques/vitruvian-kneeling-wood-chopper,https://musclewiki.com/vitruvian/female/obliques/vitruvian-kneeling-wood-chopper
Vitruvian Side Bend,Obliques,Vitruvian,Beginner,https://musclewiki.com/vitruvian/male/obliques/side-bend,https://musclewiki.com/vitruvian/female/obliques/side-bend
Vitruvian Windmill,Obliques,Vitruvian,Intermediate,https://musclewiki.com/vitruvian/male/obliques/windmill,https://musclewiki.com/vitruvian/female/obliques/windmill
Smith Machine Oblique Crunch,Obliques,Smith-Machine,Advanced,https://musclewiki.com/smith-machine/male/obliques/smith-machine-oblique-crunch,https://musclewiki.com/smith-machine/female/obliques/smith-machine-oblique-crunch
Smith Machine Side Plank Up Down,Obliques,Smith-Machine,Beginner,https://musclewiki.com/smith-machine/male/obliques/smith-machine-side-plank-up-down,https://musclewiki.com/smith-machine/female/obliques/smith-machine-side-plank-up-down
Smith Machine Side Bend,Obliques,Smith-Machine,Novice,https://musclewiki.com/smith-machine/male/obliques/smith-machine-side-bend,https://musclewiki.com/smith-machine/female/obliques/smith-machine-side-bend
Prayer Stretch Side Bend,Obliques,Recovery,Beginner,https://musclewiki.com/recovery/male/obliques/prayer-stretch-side-bend,https://musclewiki.com/recovery/female/obliques/prayer-stretch-side-bend
Seated Lateral Line Stretch,Obliques,Recovery,Beginner,https://musclewiki.com/recovery/male/obliques/lateral-line-stretch-and-lumbar-spine-rotation-seated,https://musclewiki.com/recovery/female/obliques/lateral-line-stretch-and-lumbar-spine-rotation-seated
Lat And Lateral Line Stretch,Obliques,Recovery,Beginner,https://musclewiki.com/recovery/male/obliques/lat-and-lateral-line-stretch-unilateral-standing,https://musclewiki.com/recovery/female/obliques/lat-and-lateral-line-stretch-unilateral-standing
Hands,,,,,
Feet,,,,,
Eversions,Feet,Recovery,Novice,https://musclewiki.com/recovery/male/ankles/eversions,https://musclewiki.com/recovery/female/ankles/eversions
Standing Doming,Feet,Recovery,Novice,https://musclewiki.com/recovery/male/feet/standing-doming,https://musclewiki.com/recovery/female/feet/standing-doming
Band Seated Inversions,Feet,Recovery,Novice,https://musclewiki.com/recovery/male/feet/band-seated-inversions,https://musclewiki.com/recovery/female/feet/band-seated-inversions
Big Toe Dorsiflexion,Feet,Recovery,Beginner,https://musclewiki.com/recovery/male/feet/big-toe-dorsiflexion,https://musclewiki.com/recovery/female/feet/big-toe-dorsiflexion
Big Toe Abduction,Feet,Recovery,Beginner,https://musclewiki.com/recovery/male/feet/big-toe-abduction,https://musclewiki.com/recovery/female/feet/big-toe-abduction
Standing Inversions Hold,Feet,Recovery,Novice,https://musclewiki.com/recovery/male/feet/standing-inversions-hold,https://musclewiki.com/recovery/female/feet/standing-inversions-hold
Alphabet,Feet,Recovery,Novice,https://musclewiki.com/recovery/male/ankles/alphabet,https://musclewiki.com/recovery/female/ankles/alphabet
Front Shoulders,,,,,
Dumbbell Internal Rotation,Front Shoulders,Dumbbells,Beginner,https://musclewiki.com/dumbbells/male/front-shoulders/dumbbell-internal-rotation,https://musclewiki.com/dumbbells/female/front-shoulders/dumbbell-internal-rotation
Dumbbell Cuban Press,Front Shoulders,Dumbbells,Intermediate,https://musclewiki.com/dumbbells/male/front-shoulders/dumbbell-cuban-press,https://musclewiki.com/dumbbells/female/front-shoulders/dumbbell-cuban-press
Dumbbell Six Way Lateral Raise,Front Shoulders,Dumbbells,Beginner,https://musclewiki.com/dumbbells/male/front-shoulders/dumbbell-six-way-lateral-raise,https://musclewiki.com/dumbbells/female/front-shoulders/dumbbell-six-way-lateral-raise
Machine Overhand Overhead Press,Front Shoulders,Machine,Novice,https://musclewiki.com/machine/male/front-shoulders/machine-overhand-overhead-press,https://musclewiki.com/machine/female/front-shoulders/machine-overhand-overhead-press
Machine Neutral Overhead Press,Front Shoulders,Machine,Novice,https://musclewiki.com/machine/male/front-shoulders/machine-neutral-overhead-press,https://musclewiki.com/machine/female/front-shoulders/machine-neutral-overhead-press
Band Shoulder Y Raise,Front Shoulders,Recovery,Novice,https://musclewiki.com/recovery/male/shoulders/band-shoulder-y-raise,https://musclewiki.com/recovery/female/shoulders/band-shoulder-y-raise
Wall Angels,"Front Shoulders, Rear Shoulders",Recovery,Novice,https://musclewiki.com/recovery/male/shoulders/wall-angels,https://musclewiki.com/recovery/female/shoulders/wall-angels
Rear Shoulders,,,,,
Dumbbell External Rotation,Rear Shoulders,Dumbbells,Beginner,https://musclewiki.com/dumbbells/male/rear-shoulders/dumbbell-external-rotation,https://musclewiki.com/dumbbells/female/rear-shoulders/dumbbell-external-rotation
Ring Rear Delt Fly,Rear Shoulders,Bodyweight,Intermediate,https://musclewiki.com/bodyweight/male/rear-shoulders/ring-rear-delt-fly,https://musclewiki.com/bodyweight/female/rear-shoulders/ring-rear-delt-fly
Machine Reverse Fly,Rear Shoulders,Machine,Novice,https://musclewiki.com/machine/male/rear-shoulders/machine-reverse-fly,https://musclewiki.com/machine/female/rear-shoulders/machine-reverse-fly
Machine Overhand Row,Rear Shoulders,Machine,Novice,https://musclewiki.com/machine/male/rear-shoulders/machine-overhand-row,https://musclewiki.com/machine/female/rear-shoulders/machine-overhand-row
Ys,Rear Shoulders,Recovery,Beginner,https://musclewiki.com/recovery/male/rear-shoulders/ys,https://musclewiki.com/recovery/female/rear-shoulders/ys
Neck,,,,,
Seated Radial Nerve Slider,Neck,Recovery,Novice,https://musclewiki.com/recovery/male/wrist/seated-radial-nerve-slider,https://musclewiki.com/recovery/female/wrist/seated-radial-nerve-slider
Standing Neck Side Flexions,Neck,Recovery,Novice,https://musclewiki.com/recovery/male/upper-spine/standing-neck-side-flexions,https://musclewiki.com/recovery/female/upper-spine/standing-neck-side-flexions
Standing Neck Rotations,Neck,Recovery,Novice,https://musclewiki.com/recovery/male/upper-spine/standing-neck-rotations,https://musclewiki.com/recovery/female/upper-spine/standing-neck-rotations
Standing Neck Flexions,Neck,Recovery,Novice,https://musclewiki.com/recovery/male/upper-spine/standing-neck-flexions,https://musclewiki.com/recovery/female/upper-spine/standing-neck-flexions
Standing Neck Extensions,Neck,Recovery,Novice,https://musclewiki.com/recovery/male/upper-spine/standing-neck-extensions,https://musclewiki.com/recovery/female/upper-spine/standing-neck-extensions
Standing Neck Mobility Circumductions,Neck,Recovery,Novice,https://musclewiki.com/recovery/male/upper-spine/standing-neck-mobility-circumductions,https://musclewiki.com/recovery/female/upper-spine/standing-neck-mobility-circumductions
Groin,,,,,
Bodyweight Butterfly Stretch,Groin,Bodyweight,Novice,https://musclewiki.com/bodyweight/male/groin/bodyweight-butterfly-stretch,https://musclewiki.com/bodyweight/female/groin/bodyweight-butterfly-stretch